INSERT INTO "Users" ("Name", "Email", "ExternalId", "FamilyName", "GivenName", "IsLocked", "Locale", "Phone", "Timezone") VALUES
(	'Chris Hubbard',	'chris_hubbard@sil.org',	'google-oauth2|116747902156680384840',	'Hubbard',	'Chris',	'0',	NULL,	NULL,	NULL),
(	'David Moore',	'david_moore1@sil.org',	'google-oauth2|114981819181509824425',	'Moore',	'David',	'0',	NULL,	NULL,	NULL),
(	'Preston Sego (gmail)',	'lt.sego@gmail.com',	'google-oauth2|106685378104908547147',	'Sego (gmail)',	'Preston',	'0',	NULL,	NULL,	NULL),
(	'Giancarlo Corzo',	'gian.corzo@gmail.com',	'google-oauth2|105409413471872324118',	'Corzo',	'Giancarlo',	'0',	NULL,	NULL,	NULL),
(	'Liz Tabor',	'ltabor@developertown.com',	'google-oauth2|113420589826662049605',	'Tabor',	'Liz',	'0',	NULL,	NULL,	NULL),
(	'Chris Hubbard (Kalaam)',	'chris.kalaam@gmail.com',	'auth0|5b578f6197af652b19f9bb41',	'Hubbard',	'Chris',	'0',	NULL,	NULL,	NULL),
( 	'Preston Sego (dt)', 'psego@developertown.com', 'google-oauth2|111802484969448690930', 'Sego (dt)', 'Preston', '0', NULL, NULL, NULL),
(	'Bill Dyck', 'bill_dyck@sil.org',	'google-oauth2|102643649500459434996', 'Dyck',	'Bill',	'0',	NULL, NULL, NULL),
(	'Loren Hawthorne', 'loren_hawthrone@sil.org',	'google-oauth2|116603781884964961816', 'Loren',	'Hawthorne',	'0',	NULL, NULL, NULL);

INSERT INTO "Organizations" ("Name", "WebsiteUrl", "BuildEngineUrl", "BuildEngineApiAccessToken", "OwnerId") VALUES
(	'SIL International',	'https://sil.org',	'https://buildengine.gtis.guru',	'replace',	1),
(	'DeveloperTown',	'https://developertown.com',	'https://buildengine.gtis.guru',	'replace',	3),
(	'Kalaam Media',	'https://kalaam.org',	'https://buildengine.gtis.guru',	'replace',	1);

INSERT INTO "WorkflowDefinitions" ("Id", "Name", "Enabled", "Description", "WorkflowScheme", "WorkflowBusinessFlow", "StoreTypeId") VALUES
(2,     'sil_android_amazon_store',      '1',    'SIL Default Workflow for Publishing to Amazon App Store',   'SIL_Default_AppBuilders_Android_AmazonAppStore',	'SIL_Default_AppBuilders_Android_AmazonAppStore',   1),
(3,     'sil_android_scripture_earth',      '1',    'SIL Default Workflow for Publishing to Scripture Earth',   'SIL_Default_AppBuilders_Android_ScriptureEarth',	'SIL_Default_AppBuilders_Android_ScriptureEarth',   NULL),
(4,	'sil_android_s3',	'1',	'SIL Default Workflow for Publishing to S3', 'SIL_Default_AppBuilders_Android_S3',	'SIL_Default_AppBuilders_Android_S3', NULL),
(5,	'kalaam_android_website',	'1',	'Kalaam Default Workflow for Publishing to a Kalaam Website', 'Kalaam_Default_AppBuilders_Android_Site',	'Kalaam_Default_AppBuilders_Android_Site', NULL);

INSERT INTO "ProductDefinitions" ("Id", "Name", "TypeId", "Description", "WorkflowId") VALUES
(2,     'android_amazon_app',  1,      'Android App in Amazon App Store',   2),
(3,     'android_scripture_earth',  1,      'Android App in Scripture Earth',   3),
(4,	'android_s3', 1,	'Android App uploaded to S3', 4),
(5,	'android_kalaam_site', 1, 'Android App uploaded to Kalaam Site', 5),
(6,	'android_rab_s3', 2,	'Android Reading App uploaded to S3', 4),
(7,	'android_dab_s3', 3,	'Android Dictionary App uploaded to S3', 4);


INSERT INTO "OrganizationProductDefinitions" ("OrganizationId", "ProductDefinitionId") VALUES
(1,      1),
(2,      1),
(3,      1),
(1,      2),
(2,      2),
(3,      2),
(1,      3),
(2,      3),
(3,      3),
(1,      4),
(2,      4),
(3,      4),
(3,	 5);

INSERT INTO "StoreTypes" ("Id", "Name", "Description") VALUES
(2, 'amazon_app_store',	'Amazon App Store');

INSERT INTO "Stores" ("Id", "Name", "Description", "StoreTypeId") VALUES
(4, 'wycliffeusa_ama',			'Wycliffe USA - Amazon App Store', 2),
(5, 'internetpublishingservice_ama', 	'Internet Publishing Service (Kalaam) - Amazon App Store', 2),
(6, 'indhack_ama', 	'Indigitous Hack - Amazon App Store', 2);

INSERT INTO "OrganizationStores" ("OrganizationId", "StoreId") VALUES
(1,     1),
(2,     3),
(3,     2),
(1,	4),
(2,	6),
(3,	5);

INSERT INTO "Groups" ("Name", "Abbreviation", "OwnerId") VALUES
(	'Language Software Development',	'LSDEV',	1),
(	'Chad Branch',	'CHB',	1),
(	'Mexico Branch',	'MXB',	1),
(	'AuSIL',	'AAB',	1),
(	'Americas Group',	'AMG',	1),
(	'Asia Area',	'ASA',	1),
(	'Camaroon Branch',	'CMB',	1),
(	'Roma Region',	'RMA',	1),
(	'The Seed Company',	'RSM',	1),
(	'SIL International',	'SIL',	1),
(	'Mainland Southeast Asia Group',	'THG',	1),
(	'Wycliffe Taiwan',	'TWN',	1),
(	'West Africa',	'WAF',	1),
(	'Development',	'DEV',	2),
(	'KAL Africa',	'KAL_AF',	3),
(	'KAL Asia',	'KAL_AS',	3);

INSERT INTO "OrganizationMemberships" ("UserId", "OrganizationId") VALUES
(	1,	1), -- chris_hubbard@sil.org - SIL
(	1,	2), -- chris_hubbard@sil.org - DT
(	1,	3), -- chris_hubbard@sil.org - Kalaam
(	2,	1), -- david_moore1@sil.org - SIL
(	2,  3), -- david_moore1@sil.org - Kalaam
(	3,	2), -- lt.sego@gmail.com - DT
(	4,	2), -- gian.corzo@gmail.com - DT
(	5,	2), -- ltabor@developertown.com - DT
(	6,	3), -- chris.kalaam@gmail.com - Kalaam
(	7,  1), -- psego@developertown.com - SIL
(	7,  2), -- psego@developertown.com - DT
(	8,  1), -- bill_dyck@sil.org - SIL
(	8,  3), -- bill_dyck@sil.org - Kalaam
(	9,  1); -- loren_hawthorne@sil.org - SIL



INSERT INTO "GroupMemberships" ("UserId", "GroupId") VALUES
(	1,	1),
(	2,	1),
(	2,	2),
(	2,	15),
(	4,	14),
( 3,  14),
( 7,  14),
( 7,   1),
( 5,  14);

INSERT INTO "UserRoles" ("UserId", "RoleId", "OrganizationId") VALUES
(	1,	1,	1), -- chris_hubbard@sil.org - SuperAdmin - SIL
(	8,	2,	1), -- bill_dyck@sil.org - OrgAdmin - SIL
(	2,	3,	1), -- david_moore1@sil.org - AppBuilder - SIL
(	7,	1,	1), -- psego@developertown.com - AppBuilder - SIL
(	9,	3,	1), -- loren_hawthorne@sil.org - AppBuilder - SIL
(	7,	1,	2), -- psego@developertown.com - SuperAdmin - DT
(	5,	2,	2), -- ltabor@developertown.com - OrgAdmin - DT
(	1,	2,	2), -- chris_hubbard@sil.org - OrgAdmin - DT
(	3,	3,	2), -- lt.sego@gmail.com - AppBuilder - DT
(	4,	3,	2), -- gian.corzo@gmail.com - AppBuilder - DT
(	1,	1,	3), -- chris_hubbard@sil.org - SuperAdmin - Kalaam
(	8,	2,	3), -- bill_dyck@sil.org - OrgAdmin - Kalaam
(	2,	2,	3), -- david_moore1@sil.org - OrgAdmin - Kalaam
(	6,	3,	3); -- chris.kalaam@gmail.com - AppBuilder - Kalaam


INSERT INTO "Projects"
  ("Name", "TypeId", "Description", "OwnerId", "GroupId", "OrganizationId", "Language", "DateCreated", "DateUpdated", "DateArchived", "AllowDownloads", "AutomaticBuilds")
VALUES
  ( 'Developer Town Project 1', 1, 'The Sogdian Bible was translated by Mike Davis and his team that has been working in Central Asia since 1986.', 5, 14, 2, 'English', now(), now(), null, true, true),
  ( 'Developer Town Project 2', 2, 'The Sogdian Bible was translated by Mike Davis and his team that has been working in Central Asia since 1986. ', 5, 14, 2, 'Sogdian', now(), now(), null, true, true),
  ( 'Developer Town Project 3', 3, 'The Sogdian Bible was translated by Mike Davis and his team that has been working in Central Asia since 1986. ', 5, 14, 2, 'Spanish', now(), now(), now(), false, true),
  ( 'Developer Town Project 4', 1, 'The Sogdian Bible was translated by Mike Davis and his team that has been working in Central Asia since 1986. ', 5, 14, 2, 'Spanish', now(), now(), now(), false, true),
  ( 'Developer Town Project 5', 2, 'The Sogdian Bible was translated by Mike Davis and his team that has been working in Central Asia since 1986. ', 5, 14, 2, 'Sogdian', now(), now(), null, true, true),
  ( 'Developer Town Project 6', 2, 'The Sogdian Bible was translated by Mike Davis and his team that has been working in Central Asia since 1986. ', 5, 14, 2, 'Sogdian', now(), now(), null, true, true),
  ( 'Developer Town Project 7', 2, 'The Sogdian Bible was translated by Mike Davis and his team that has been working in Central Asia since 1986. ', 5, 14, 2, 'Sogdian', now(), now(), null, true, true),
  ( 'Developer Town Project 8', 2, 'The Sogdian Bible was translated by Mike Davis and his team that has been working in Central Asia since 1986. ', 5, 14, 2, 'Sogdian', now(), now(), null, true, true),
  ( 'Developer Town Project 9', 2, 'The Sogdian Bible was translated by Mike Davis and his team that has been working in Central Asia since 1986.', 5, 14, 2, 'Sogdian', now(), now(), null, true, true),
  ( 'Developer Town Project 10', 2, 'The Sogdian Bible was translated by Mike Davis and his team that has been working in Central Asia since 1986.', 5, 14, 2, 'Sogdian', now(), now(), null, true, true),
  ( 'Developer Town Project 11', 1, 'The Sogdian Bible was translated by Mike Davis and his team that has been working in Central Asia since 1986.', 4, 14, 2, 'English', now(), now(), null, true, true),
  ( 'Developer Town Project 12', 3, 'The Sogdian Bible was translated by Mike Davis and his team that has been working in Central Asia since 1986.', 4, 14, 2, 'Spanish', now(), now(), null, true, true),
  ( 'Developer Town Project 13', 1, 'The Sogdian Bible was translated by Mike Davis and his team that has been working in Central Asia since 1986.', 4, 14, 2, 'Sogdian', now(), now(), now(), true, false),
  ( 'Developer Town Project 14', 2, 'The Sogdian Bible was translated by Mike Davis and his team that has been working in Central Asia since 1986.', 3, 14, 2, 'English', now(), now(), null, true, true),
  ( 'Developer Town Project 15', 3, 'The Sogdian Bible was translated by Mike Davis and his team that has been working in Central Asia since 1986.', 3, 14, 2, 'Spanish', now(), now(), null, true, true),
  ( 'Developer Town Project 16', 1, 'The Sogdian Bible was translated by Mike Davis and his team that has been working in Central Asia since 1986.', 3, 14, 2, 'Sogdian', now(), now(), null, true, true),
  ( 'Developer Town Project 17', 1, 'The Sogdian Bible was translated by Mike Davis and his team that has been working in Central Asia since 1986.', 3, 14, 2, 'Sogdian', now(), now(), null, true, true),
  ( 'Developer Town Project 18', 1, 'The Sogdian Bible was translated by Mike Davis and his team that has been working in Central Asia since 1986.', 3, 14, 2, 'Sogdian', now(), now(), null, true, true),
  ( 'Developer Town Project 19', 1, 'The Sogdian Bible was translated by Mike Davis and his team that has been working in Central Asia since 1986.', 3, 14, 2, 'Sogdian', now(), now(), null, true, true),
  ( 'Developer Town Project 20', 1, 'The Sogdian Bible was translated by Mike Davis and his team that has been working in Central Asia since 1986.', 3, 14, 2, 'Sogdian', now(), now(), null, true, true),
  ( 'Developer Town Project 21', 1, 'The Sogdian Bible was translated by Mike Davis and his team that has been working in Central Asia since 1986.', 3, 14, 2, 'Sogdian', now(), now(), null, true, true),
  ( 'Developer Town Project 22', 1, 'The Sogdian Bible was translated by Mike Davis and his team that has been working in Central Asia since 1986.', 3, 14, 2, 'Sogdian', now(), now(), null, true, true),
  ( 'Developer Town Project 23', 1, 'The Sogdian Bible was translated by Mike Davis and his team that has been working in Central Asia since 1986.', 3, 14, 2, 'Sogdian', now(), now(), null, true, true),
  ( 'Developer Town Project 24', 1, 'The Sogdian Bible was translated by Mike Davis and his team that has been working in Central Asia since 1986.', 3, 14, 2, 'Sogdian', now(), now(), null, true, true),
  ( 'Developer Town Project 25', 1, 'The Sogdian Bible was translated by Mike Davis and his team that has been working in Central Asia since 1986.', 3, 14, 2, 'Sogdian', now(), now(), null, true, true),
  ( 'Developer Town Project 26', 1, 'The Sogdian Bible was translated by Mike Davis and his team that has been working in Central Asia since 1986.', 3, 14, 2, 'Sogdian', now(), now(), null, true, true),
  ( 'Developer Town Project 27', 1, 'The Sogdian Bible was translated by Mike Davis and his team that has been working in Central Asia since 1986.', 3, 14, 2, 'Sogdian', now(), now(), null, true, true),
  ( 'Developer Town Project 28', 1, 'The Sogdian Bible was translated by Mike Davis and his team that has been working in Central Asia since 1986.', 3, 14, 2, 'Sogdian', now(), now(), null, true, true),
  ( 'Developer Town Project 29', 1, 'The Sogdian Bible was translated by Mike Davis and his team that has been working in Central Asia since 1986.', 3, 14, 2, 'Sogdian', now(), now(), null, true, true),
  ( 'Developer Town Project 30', 1, 'The Sogdian Bible was translated by Mike Davis and his team that has been working in Central Asia since 1986.', 3, 14, 2, 'Sogdian', now(), now(), null, true, true),
  ( 'Developer Town Project 31', 1, 'The Sogdian Bible was translated by Mike Davis and his team that has been working in Central Asia since 1986.', 3, 14, 2, 'Sogdian', now(), now(), null, true, true);


INSERT INTO "Projects"
  ("Name", "TypeId", "Description", "OwnerId", "GroupId", "OrganizationId", "Language", "DateCreated", "DateUpdated", "DateArchived", "AllowDownloads", "AutomaticBuilds")
VALUES
  ( 'moaNT Mwan', 1, 'scriptureappbuilder-AMG-moa-moaNT-Mwan', 8, 5, 1, 'moa', now(), now(), null, true, true),
  ( 'ktjNT Kroumen Plapo', 1, 'scriptureappbuilder-AMG-ktj-ktjNT-Kroumen-Plapo', 8, 5, 1, 'ktj', now(), now(), null, true, true),
  ( 'ktjNT Kroumen Plapo', 1, '', 8, 5, 1, 'ktj', now(), now(), null, true, true),
  ( 'Easter strory - Carpathian Romani', 1, 'scriptureappbuilder-RMA-rmc-Easter-strory---Carpathian-Romani', 1, 1, 1, 'rmc', now(), now(), null, true, true),
  ( 'zpvNT Zapoteco Chichicapan', 1, 'scriptureappbuilder-MXB-zpv-zpvNT-Zapoteco-Chichicapan', 9, 3, 1, 'zpv', now(), now(), null, true, true),
  ( 'ziaNT Zia', 1, 'scriptureappbuilder-AMG-zia-ziaNT-Zia', 8, 5, 1, 'zia', now(), now(), null, true, true),
  ( 'yuwNT Yau', 1, 'scriptureappbuilder-AMG-yuw-yuwNT-Yau', 8, 5, 1, 'yuw', now(), now(), null, true, true),
  ( 'yutPB Yopno', 1, 'scriptureappbuilder-AMG-yut-yutPB-Yopno', 8, 5, 1, 'yut', now(), now(), null, true, true),
  ( 'yujNT Karkar-Yuri', 1, 'scriptureappbuilder-AMG-yuj-yujNT-Karkar-Yuri', 8, 5, 1, 'yuj', now(), now(), null, true, true),
  ( 'yssWNT Yawu (Yessan-Mayo)', 1, 'scriptureappbuilder-AMG-yss-yssWNT-Yawu-Yessan-Mayo', 8, 5, 1, 'yss', now(), now(), null, true, true),
  ( 'niyNT Ndruna', 1, 'scriptureappbuilder-AMG-niy-niyNT-Ndruna', 8, 5, 1, 'niy', now(), now(), null, true, true),
  ( 'essNT Yupik', 1, 'scriptureappbuilder-AMG-ess-essNT-Yupik', 8, 5, 1, 'ess', now(), now(), null, true, true),
  ( 'kcgNT Tyap', 1, 'scriptureappbuilder-AMG-kcg-kcgNT-Tyap', 8, 5, 1, 'kcg', now(), now(), null, true, true),
  ( 'Genesis 37-50 – Joseph''s story', 1, 'scriptureappbuilder-RMA-rmy-Genesis-37-50--Josephs-story', 1, 1, 1, 'rmy', now(), now(), null, true, true),
  ( 'Genesis 11:27—25:18 – Abraham''s story', 1, 'scriptureappbuilder-RMA-rmy-Genesis-11272518--Abrahams-story', 1, 1, 1, 'rmy', now(), now(), null, true, true),
  ( 'xavPB Xavante', 1, 'scriptureappbuilder-AMG-xav-xavPB-Xavante', 8, 5, 1, 'xav', now(), now(), null, true, true),
  ( 'Ya ehel Meknengan ni impatudek tu', 1, 'scriptureappbuilder-ASA-ify-Ya-ehel-Meknengan-ni-impatudek-tu', 1, 1, 1, 'ify', now(), now(), null, true, true),
  ( 'gamNT Kandawo', 1, 'scriptureappbuilder-AMG-gam-gamNT-Kandawo', 8, 5, 1, 'gam', now(), now(), null, true, true),
  ( 'eriNT Ogea', 1, 'scriptureappbuilder-AMG-eri-eriNT-Ogea', 8, 5, 1, 'eri', now(), now(), null, true, true),
  ( 'crlNT Cree Northern East', 1, 'scriptureappbuilder-AMG-crl-crlNT-Cree-Northern-East', 8, 5, 1, 'crl', now(), now(), null, true, true),
  ( 'ixlCNT Ixil Chajul', 1, 'scriptureappbuilder-AMG-ixl-ixlCNT-Ixil-Chajul', 8, 5, 1, 'ixl', now(), now(), null, true, true),
  ( 'lwwNT Lewo', 1, 'scriptureappbuilder-AMG-lww-lwwNT-Lewo', 8, 5, 1, 'lww', now(), now(), null, true, true),
  ( 'croNT Crow', 1, 'scriptureappbuilder-AMG-cro-croNT-Crow', 8, 5, 1, 'cro', now(), now(), null, true, true),
  ( 'smkNT Boliano', 1, 'scriptureappbuilder-AMG-smk-smkNT-Boliano', 8, 5, 1, 'smk', now(), now(), null, true, true),
  ( 'dudNT ut-Hun (Dukawa)', 1, 'scriptureappbuilder-AMG-dud-dudNT-ut-Hun-Dukawa', 8, 5, 1, 'dud', now(), now(), null, true, true),
  ( 'ttrNT Nyimatli (Tera)', 1, 'scriptureappbuilder-AMG-ttr-ttrNT-Nyimatli-Tera', 8, 5, 1, 'ttr', now(), now(), null, true, true),
  ( 'mbuNT Mbula-Bwazza', 1, 'scriptureappbuilder-AMG-mbu-mbuNT-Mbula-Bwazza', 8, 5, 1, 'mbu', now(), now(), null, true, true),
  ( 'ninNT Ninzo', 1, 'scriptureappbuilder-AMG-nin-ninNT-Ninzo', 8, 5, 1, 'nin', now(), now(), null, true, true),
  ( 'crjRNT Cree, Eastern (Roman script)', 1, 'scriptureappbuilder-AMG-crj-crjRNT-Cree-Eastern-Roman-script', 8, 5, 1, 'crj', now(), now(), null, true, true),
  ( 'crjSNT Cree, Eastern (syllabic script)', 1, 'scriptureappbuilder-AMG-crj-crjSNT-Cree-Eastern-sylabic-script', 8, 5, 1, 'crj', now(), now(), null, true, true),
  ( 'mdaNT Mada', 1, 'scriptureappbuilder-AMG-mda-mdaNT-Mada', 8, 5, 1, 'mda', now(), now(), null, true, true),
  ( 'ikwNT Ikwere', 1, 'scriptureappbuilder-AMG-ikw-ikwNT-Ikwere', 8, 5, 1, 'ikw', now(), now(), null, true, true),
  ( 'jabNT Hyam', 1, 'scriptureappbuilder-AMG-jab-jabNT-Hyam', 8, 5, 1, 'jab', now(), now(), null, true, true),
  ( 'ekaNT Ekajuk', 1, 'scriptureappbuilder-AMG-eka-ekaNT-Ekajuk', 8, 5, 1, 'eka', now(), now(), null, true, true),
  ( 'annBC Obolo', 1, 'scriptureappbuilder-AMG-ann-annBC-Obolo', 8, 5, 1, 'ann', now(), now(), null, true, true),
  ( 'annBP Obolo', 1, 'scriptureappbuilder-AMG-ann-annBP-Obolo', 8, 5, 1, 'ann', now(), now(), null, true, true),
  ( 'Sech Hadròih', 1, 'scriptureappbuilder-SIL-hre-Sech-Hadroih', 1, 1, 1, 'hre', now(), now(), null, true, true),
  ( 'tbkNT Tagbanwa Calamian', 1, 'scriptureappbuilder-AMG-tbk-tbkNT-Tagbanwa-Calamian', 8, 5, 1, 'tbk', now(), now(), null, true, true),
  ( 'tswNT Tsishingini', 1, 'scriptureappbuilder-AMG-tsw-tswNT-Tsishingini', 8, 5, 1, 'tsw', now(), now(), null, true, true),
  ( 'kdlNT Tsikimba', 1, 'scriptureappbuilder-AMG-kdl-kdlNT-Tsikimba', 8, 5, 1, 'kdl', now(), now(), null, true, true),
  ( 'iqwNT Ikwo', 1, 'scriptureappbuilder-AMG-iqw-iqwNT-Ikwo', 8, 5, 1, 'iqw', now(), now(), null, true, true),
  ( 'ezaB Ezaa', 1, 'scriptureappbuilder-AMG-eza-ezaB-Ezaa', 8, 5, 1, 'eza', now(), now(), null, true, true),
  ( 'iriNT Rigwe', 1, 'scriptureappbuilder-AMG-iri-iriNT-Irigwe', 8, 5, 1, 'iri', now(), now(), null, true, true),
  ( 'Chadian Arabic New Testament Arabic Script with Audio', 1, 'scriptureappbuilder-CHB-SHU-Chadian-Arabic-New-Testament-Arabic-Script-with-Audio', 1, 1, 1, 'SHU', now(), now(), null, true, true),
  ( 'Chadian Arabic New Testament with Audio', 1, 'scriptureappbuilder-CHB-SHU-Chadian-Arabic-New-Testament-with-Audio', 1, 1, 1, 'SHU', now(), now(), null, true, true),
  ( 'izzB Izii', 1, 'scriptureappbuilder-AMG-izz-izzB-Izii', 8, 5, 1, 'izz', now(), now(), null, true, true),
  ( 'dyiB Djimini', 1, 'scriptureappbuilder-AMG-dyi-dyiB-Djimini', 8, 5, 1, 'dyi', now(), now(), null, true, true),
  ( 'cbiPB Chachi', 1, 'scriptureappbuilder-AMG-cbi-cbiPB-Chachi', 8, 5, 1, 'cbi', now(), now(), null, true, true),
  ( 'cofPB Colorado', 1, 'scriptureappbuilder-AMG-cof-cofPB-Colorado', 8, 5, 1, 'cof', now(), now(), null, true, true),
  ( 'seyNT Secoya', 1, 'scriptureappbuilder-AMG-sey-seyNT-Secoya', 8, 5, 1, 'sey', now(), now(), null, true, true),
  ( 'qvzNT Quichua Pastaza', 1, 'scriptureappbuilder-AMG-qvz-qvzNT-Quichua-Pastaza', 8, 5, 1, 'qvz', now(), now(), null, true, true),
  ( 'kwiNT Awa Pit', 1, 'scriptureappbuilder-AMG-kwi-kwiNT-Awa-Pit', 8, 5, 1, 'kwi', now(), now(), null, true, true),
  ( 'jivNT Shuar', 1, 'scriptureappbuilder-AMG-jiv-jivNT-Shuar', 8, 5, 1, 'jiv', now(), now(), null, true, true),
  ( 'aucNT Waorani', 1, 'scriptureappbuilder-AMG-auc-aucNT-Waorani', 8, 5, 1, 'auc', now(), now(), null, true, true),
  ( 'qxlNT Salasaca Quichua', 1, 'scriptureappbuilder-AMG-qxl-qxlNT-Salasaca-Quichua', 8, 5, 1, 'qxl', now(), now(), null, true, true),
  ( 'Northern Thai New Testament App', 1, 'scriptureappbuilder-THG-nod-Northern-Thai-New-Testament-App', 1, 1, 1, 'nod', now(), now(), null, true, true),
  ( 'pmaPB Paama Bible', 1, 'scriptureappbuilder-AMA-pma-pmaPB-Paama-Bible', 8, 5, 1, 'pma', now(), now(), null, true, true),
  ( 'ykaNT Yakan', 1, 'scriptureappbuilder-AMA-yka-ykaNT-Yakan', 8, 5, 1, 'yka', now(), now(), null, true, true),
  ( 'Translation for Translators', 1, 'scriptureappbuilder-SIL-eng-Translation-for-Translators', 1, 1, 1, 'eng', now(), now(), null, true, true),
  ( 'xsiPB Sio', 1, 'scriptureappbuilder-AMA-xsi-xsiPB-Sio', 8, 5, 1, 'xsi', now(), now(), null, true, true),
  ( 'yonPB Yongkom', 1, 'scriptureappbuilder-AMA-yon-yonPB-Yongkom', 8, 5, 1, 'yon', now(), now(), null, true, true),
  ( 'ymlNT Iamalele', 1, 'scriptureappbuilder-AMA-yml-ymlNT-Iamalele', 8, 5, 1, 'yml', now(), now(), null, true, true),
  ( 'ybyNT Yaweyuha', 1, 'scriptureappbuilder-AMA-yby-ybyNT-Yaweyuha', 8, 5, 1, 'yby', now(), now(), null, true, true),
  ( 'yrbNT Yareba', 1, 'scriptureappbuilder-AMA-yrb-yrbNT-Yareba', 8, 5, 1, 'yrb', now(), now(), null, true, true),
  ( 'yleNT Yele', 1, 'scriptureappbuilder-AMA-yle-yleNT-Yele', 8, 5, 1, 'yle', now(), now(), null, true, true),
  ( 'wuvNT Wuvulu', 1, 'scriptureappbuilder-AMA-wuv-wuvNT-Wuvulu', 8, 5, 1, 'wuv', now(), now(), null, true, true),
  ( 'wosNT Hanga Hundi', 1, 'scriptureappbuilder-AMA-wos-wosNT-Hanga-Hundi', 8, 5, 1, 'wos', now(), now(), null, true, true),
  ( 'wnuNT Usan', 1, 'scriptureappbuilder-AMA-wnu-wnuNT-Usan', 8, 5, 1, 'wnu', now(), now(), null, true, true),
  ( 'wiuNT Witu', 1, 'scriptureappbuilder-AMA-wiu-wiuNT-Witu', 8, 5, 1, 'wiu', now(), now(), null, true, true),
  ( 'vivNT Iduna', 1, 'scriptureappbuilder-AMA-viv-vivNT-Iduna', 8, 5, 1, 'viv', now(), now(), null, true, true),
  ( 'werNT Weri', 1, 'scriptureappbuilder-AMA-wer-werNT-Weri', 8, 5, 1, 'wer', now(), now(), null, true, true),
  ( 'wajNT Waffa', 1, 'scriptureappbuilder-AMA-waj-wajNT-Waffa', 8, 5, 1, 'waj', now(), now(), null, true, true),
  ( 'O lil karing ăl galateni', 1, 'scriptureappbuilder-RMA-RMY-O-lil-karing-l-galateni', 1, 1, 1, 'RMY', now(), now(), null, true, true),
  ( 'uvlNT Lote', 1, 'scriptureappbuilder-AMA-uvl-uvlNT-Lote', 8, 5, 1, 'uvl', now(), now(), null, true, true),
  ( 'usaPB Usarufa', 1, 'scriptureappbuilder-AMA-usa-usaPB-Usarufa', 8, 5, 1, 'usa', now(), now(), null, true, true),
  ( 'ubuNNT Umbu-Ungu No Penge', 1, 'scriptureappbuilder-AMA-ubu-ubuNNT-Umbu-Ungu-No-Penge', 8, 5, 1, 'ubu', now(), now(), null, true, true),
  ( 'ubuKNT Umbu-Ungu Kala', 1, 'scriptureappbuilder-AMA-ubu-ubuKNT-Umbu-Ungu-Kala', 8, 5, 1, 'ubu', now(), now(), null, true, true),
  ( 'ubuANT Umbu-Ungu Andelale', 1, 'scriptureappbuilder-AMA-ubu-ubuAPB-Umbu-Ungu-Andelale', 8, 5, 1, 'ubu', now(), now(), null, true, true),
  ( 'ubrPB Ubir', 1, 'scriptureappbuilder-AMA-ubr-ubrPB-Ubir', 8, 5, 1, 'ubr', now(), now(), null, true, true),
  ( 'tucTPB Tuam Saveeng', 1, 'scriptureappbuilder-AMA-tuc-tucTPB-Tuam-Saveeng', 8, 5, 1, 'tuc', now(), now(), null, true, true),
  ( 'tucOPB Oov Saveeng', 1, 'scriptureappbuilder-AMA-tuc-tucOPB-Oov-Saveeng', 8, 5, 1, 'tuc', now(), now(), null, true, true),
  ( '2017-07-07-TestApp', 1, 'scriptureappbuilder-SIL-iso-2017-07-07-TestApp', 1, 1, 1, 'iso', now(), now(), null, true, true),
  ( 'qucTNT Q''iche'' (trad orth)', 1, 'scriptureappbuilder-AMA-quc-qucTNT-Qiche-trad-orth', 8, 5, 1, 'quc', now(), now(), null, true, true),
  ( 'uspNT Uspanteco', 1, 'scriptureappbuilder-AMA-usp-uspNT-Uspanteco', 8, 5, 1, 'usp', now(), now(), null, true, true),
  ( 'jacB Jacalteco Popti', 1, 'scriptureappbuilder-AMA-jac-jacB-Jacalteco-Popti', 8, 5, 1, 'jac', now(), now(), null, true, true),
  ( 'tzjENT Tzutujil (Eastern)', 1, 'scriptureappbuilder-AMA-tzj-tzjENT-Tzutujil-Eastern', 8, 5, 1, 'tzj', now(), now(), null, true, true),
  ( 'ttcNT Tektiteko', 1, 'scriptureappbuilder-AMA-ttc-ttcNT-Tektiteko', 8, 5, 1, 'ttc', now(), now(), null, true, true),
  ( 'qucNNT Q''iche'' (new orth)', 1, 'scriptureappbuilder-AMA-quc-qucNNT-Qiche-new-orth', 8, 5, 1, 'quc', now(), now(), null, true, true),
  ( 'pohW Poqomchi Occidental', 1, 'scriptureappbuilder-AMA-poh-pohW-Poqomchi-Occidental', 8, 5, 1, 'poh', now(), now(), null, true, true),
  ( 'mopNT Mopan Maya', 1, 'scriptureappbuilder-AMA-mop-mopNT-Mopan-Maya', 8, 5, 1, 'mop', now(), now(), null, true, true),
  ( 'mamTNT Mam Todos Santos', 1, 'scriptureappbuilder-AMA-mam-mamTNT-Mam-Todos-Santos', 8, 5, 1, 'mam', now(), now(), null, true, true),
  ( 'mamCNT Mam Central', 1, 'scriptureappbuilder-AMA-mam-mamCNT-Mam-Central', 8, 5, 1, 'mam', now(), now(), null, true, true),
  ( 'cakYNT Kaqchikel Yepocapa', 1, 'scriptureappbuilder-AMA-cak-cakYNT-Kaqchikel-Yepocapa', 8, 5, 1, 'cak', now(), now(), null, true, true),
  ( 'cakSSNT Kaqchikel sur de Sacatepéquez', 1, 'scriptureappbuilder-AMA-cak-cakSSNT-Kaqchikel-sur-de-Sacatepquez', 8, 5, 1, 'cak', now(), now(), null, true, true),
  ( 'cakSMNT Kaqchikel Santa Maria', 1, 'scriptureappbuilder-AMA-cak-cakSMNT-Kaqchikel-Santa-Maria', 8, 5, 1, 'cak', now(), now(), null, true, true),
  ( 'cakSCNT Kaqchikel South Central', 1, 'scriptureappbuilder-AMA-cak-cakSCNT-Kaqchikel-South-Central', 8, 5, 1, 'cak', now(), now(), null, true, true),
  ( 'cakENT Kaqchikel Eastern', 1, 'scriptureappbuilder-AMA-cak-cakENT-Kaqchikel-Eastern', 8, 5, 1, 'cak', now(), now(), null, true, true),
  ( 'cakCNT Kaqchikel Central', 1, 'scriptureappbuilder-AMA-cak-cakCNT-Kaqchikel-Central', 8, 5, 1, 'cak', now(), now(), null, true, true),
  ( 'ixlSNT Ixil San Juan Cotzal', 1, 'scriptureappbuilder-AMA-ixl-ixlSNT-Ixil-San-Juan-Cotzal', 8, 5, 1, 'ixl', now(), now(), null, true, true),
  ( 'tteNT Tubetube', 1, 'scriptureappbuilder-AMA-tte-tteNT-Tubetube', 8, 5, 1, 'tte', now(), now(), null, true, true),
  ( 'tpzNT Vasui', 1, 'scriptureappbuilder-AMA-tpz-tpzNT-Vasui', 8, 5, 1, 'tpz', now(), now(), null, true, true),
  ( 'tpaPNT Taupota', 1, 'scriptureappbuilder-AMA-tpa-tpaPNT-Taupota', 8, 5, 1, 'tpa', now(), now(), null, true, true),
  ( 'tifNT Tifal', 1, 'scriptureappbuilder-AMA-tif-tifNT-Tifal', 8, 5, 1, 'tif', now(), now(), null, true, true),
  ( 'nsuNT2 Nahuatl Sierra Negra', 1, 'scriptureappbuilder-MXB-nsu-nsuNT2-Nahuatl-Sierra-Negra', 9, 3, 1, 'nsu', now(), now(), null, true, true),
  ( 'qvaNT Quechua Ambo-Pasco', 1, 'scriptureappbuilder-AMA-qva-qvaNT-Quechua-Ambo-Pasco', 8, 5, 1, 'qva', now(), now(), null, true, true),
  ( 'timNT Timbe', 1, 'scriptureappbuilder-AMA-tim-timNT-Timbe', 8, 5, 1, 'tim', now(), now(), null, true, true),
  ( 'tboNT Tawala', 1, 'scriptureappbuilder-AMA-tbo-tboNT-Tawala', 8, 5, 1, 'tbo', now(), now(), null, true, true),
  ( 'tbgPB Tairora North', 1, 'scriptureappbuilder-AMA-tbg-tbgPB-Tairora-North', 8, 5, 1, 'tbg', now(), now(), null, true, true),
  ( 'tbcNT Takia', 1, 'scriptureappbuilder-AMA-tbc-tbcNT-Takia', 8, 5, 1, 'tbc', now(), now(), null, true, true),
  ( 'kekB Kekchi Official Orth', 1, 'scriptureappbuilder-AMA-kek-kekB-Kekchi-Official-Orth', 8, 5, 1, 'kek', now(), now(), null, true, true),
  ( 'kekB Kekchi (2 ort)', 1, 'scriptureappbuilder-AMA-kek-kekB-Kekchi-2-ort', 8, 5, 1, 'kek', now(), now(), null, true, true),
  ( 'sueNT Suena', 1, 'scriptureappbuilder-AMA-sue-sueNT-Suena', 8, 5, 1, 'sue', now(), now(), null, true, true),
  ( 'suaNT Sulka', 1, 'scriptureappbuilder-AMA-sua-suaNT-Sulka', 8, 5, 1, 'sua', now(), now(), null, true, true),
  ( 'ssgNT Seimat', 1, 'scriptureappbuilder-AMA-ssg-ssgNT-Seimat', 8, 5, 1, 'ssg', now(), now(), null, true, true),
  ( 'ssdPB Siroi', 1, 'scriptureappbuilder-AMA-ssd-ssdPB-Siroi', 8, 5, 1, 'ssd', now(), now(), null, true, true),
  ( 'spsPB Saposa', 1, 'scriptureappbuilder-AMA-sps-spsPB-Saposa', 8, 5, 1, 'sps', now(), now(), null, true, true),
  ( 'splNT Selepet', 1, 'scriptureappbuilder-AMA-spl-splNT-Selepet', 8, 5, 1, 'spl', now(), now(), null, true, true),
  ( 'nhgNT Nahuatl Tetelcingo', 1, 'scriptureappbuilder-MXB-nhg-nhgNT-Nahuatl-Tetelcingo', 9, 3, 1, 'nhg', now(), now(), null, true, true),
  ( 'snyNT Saniyo-Hiyewe', 1, 'scriptureappbuilder-AMA-sny-snyNT-Saniyo-Hiyewe', 8, 5, 1, 'sny', now(), now(), null, true, true),
  ( 'snpLNT Siane (Lambau)', 1, 'scriptureappbuilder-AMA-snp-snpLNT-Siane-Lambau', 8, 5, 1, 'snp', now(), now(), null, true, true),
  ( 'snpKNT Siane (Komongu)', 1, 'scriptureappbuilder-AMA-snp-snpKNT-Siane-Komongu', 8, 5, 1, 'snp', now(), now(), null, true, true),
  ( 'sncNT Sinaugoro', 1, 'scriptureappbuilder-AMA-snc-sncNT-Sinaugoro', 8, 5, 1, 'snc', now(), now(), null, true, true),
  ( 'sllNT Salt-Yui', 1, 'scriptureappbuilder-AMA-sll-sllNT-Salt-Yui', 8, 5, 1, 'sll', now(), now(), null, true, true),
  ( 'simNT Mende', 1, 'scriptureappbuilder-AMA-sim-simNT-Mende', 8, 5, 1, 'sim', now(), now(), null, true, true),
  ( 'sgzNT Sursurunga', 1, 'scriptureappbuilder-AMA-sgz-sgzNT-Sursurunga', 8, 5, 1, 'sgz', now(), now(), null, true, true),
  ( 'sbePNT Saliba', 1, 'scriptureappbuilder-AMA-sbe-sbePNT-Saliba', 8, 5, 1, 'sbe', now(), now(), null, true, true),
  ( 'soqPB Kanasi', 1, 'scriptureappbuilder-AMA-soq-soqPB-Kanasi', 8, 5, 1, 'soq', now(), now(), null, true, true),
  ( 'mibNT Mixteco Atatláhuca', 1, 'scriptureappbuilder-MXB-mib-mibNT-Mixteco-Atatlhuca', 9, 3, 1, 'mib', now(), now(), null, true, true),
  ( 'rroNT Waima', 1, 'scriptureappbuilder-AMA-rro-rroNT-Waima', 8, 5, 1, 'rro', now(), now(), null, true, true),
  ( 'rooNT Rotokas', 1, 'scriptureappbuilder-AMA-roo-rooNT-Rotokas', 8, 5, 1, 'roo', now(), now(), null, true, true),
  ( 'raiNT Ramoaaina', 1, 'scriptureappbuilder-AMA-rai-raiNT-Ramoaaina', 8, 5, 1, 'rai', now(), now(), null, true, true),
  ( 'pwgNT Gapapaiwa', 1, 'scriptureappbuilder-AMA-pwg-pwgNT-Gapapaiwa', 8, 5, 1, 'pwg', now(), now(), null, true, true),
  ( 'ptpNT Patep', 1, 'scriptureappbuilder-AMA-ptp-ptpNT-Patep', 8, 5, 1, 'ptp', now(), now(), null, true, true),
  ( 'ppoNT Folopa', 1, 'scriptureappbuilder-AMA-ppo-ppoNT-Folopa', 8, 5, 1, 'ppo', now(), now(), null, true, true),
  ( 'majNT Mazateco de Jalapa de Díaz', 1, 'scriptureappbuilder-MXB-maj-majNT-Mazateco-de-Jalapa-de-Daz', 9, 3, 1, 'maj', now(), now(), null, true, true),
  ( 'qulNT Quechua North Bolivia', 1, 'scriptureappbuilder-AMA-qul-qulNT-Quechua-North-Bolivia', 8, 5, 1, 'qul', now(), now(), null, true, true),
  ( 'rwoR Rawa', 1, 'scriptureappbuilder-AMA-rwo-rwoR-Rawa', 8, 5, 1, 'rwo', now(), now(), null, true, true),
  ( 'rwoKNT Karo (Rawa)', 1, 'scriptureappbuilder-AMA-rwo-rwoKNT-Karo-Rawa', 8, 5, 1, 'rwo', now(), now(), null, true, true),
  ( 'omwNT Tairora South', 1, 'scriptureappbuilder-AMA-omw-omwNT-Tairora-South', 8, 5, 1, 'omw', now(), now(), null, true, true),
  ( 'opmNT Oksapmin', 1, 'scriptureappbuilder-AMA-opm-opmNT-Oksapmin', 8, 5, 1, 'opm', now(), now(), null, true, true),
  ( 'ongNT Olo', 1, 'scriptureappbuilder-AMA-ong-ongNT-Olo', 8, 5, 1, 'ong', now(), now(), null, true, true),
  ( 'okvNT Orokaiva', 1, 'scriptureappbuilder-AMA-okv-okvNT-Orokaiva', 8, 5, 1, 'okv', now(), now(), null, true, true),
  ( 'nvmNT Namiae', 1, 'scriptureappbuilder-AMA-nvm-nvmNT-Namiae', 8, 5, 1, 'nvm', now(), now(), null, true, true),
  ( 'nssPNT Nali', 1, 'scriptureappbuilder-AMA-nss-nssPNT-Nali', 8, 5, 1, 'nss', now(), now(), null, true, true),
  ( 'nsnNT Nehan', 1, 'scriptureappbuilder-AMA-nsn-nsnNT-Nehan', 8, 5, 1, 'nsn', now(), now(), null, true, true),
  ( 'nouNT Ewage-Notu', 1, 'scriptureappbuilder-AMA-nou-nouNT-Ewage-Notu', 8, 5, 1, 'nou', now(), now(), null, true, true),
  ( 'nopPB Numanggang', 1, 'scriptureappbuilder-AMA-nop-nopPB-Numanggang', 8, 5, 1, 'nop', now(), now(), null, true, true),
  ( 'nifPNT Nek', 1, 'scriptureappbuilder-AMA-nif-nifPNT-Nek', 8, 5, 1, 'nif', now(), now(), null, true, true),
  ( 'niiNT Nii', 1, 'scriptureappbuilder-AMA-nii-niiNT-Nii', 8, 5, 1, 'nii', now(), now(), null, true, true),
  ( 'quhNT Quechua South Bolivia', 1, 'scriptureappbuilder-AMA-quh-quhNT-Quechua-South-Bolivia', 8, 5, 1, 'quh', now(), now(), null, true, true),
  ( 'ignNT Ignaciano', 1, 'scriptureappbuilder-AMA-ign-ignNT-Ignaciano', 8, 5, 1, 'ign', now(), now(), null, true, true),
  ( 'eseNT Ese Ejja', 1, 'scriptureappbuilder-AMA-ese-eseNT-Ese-Ejja', 8, 5, 1, 'ese', now(), now(), null, true, true),
  ( 'caxNT Chiquitano', 1, 'scriptureappbuilder-AMA-cax-caxNT-Chiquitano', 8, 5, 1, 'cax', now(), now(), null, true, true),
  ( 'guiNT Gurani Eastern (Bolivia)', 1, 'scriptureappbuilder-AMA-gui-guiNT-Gurani-Eastern-Bolivia', 8, 5, 1, 'gui', now(), now(), null, true, true),
  ( 'capNT Chipaya', 1, 'scriptureappbuilder-AMA-cap-capNT-Chipaya', 8, 5, 1, 'cap', now(), now(), null, true, true),
  ( 'tnaNT Tacana', 1, 'scriptureappbuilder-AMA-tna-tnaNT-Tacana', 8, 5, 1, 'tna', now(), now(), null, true, true),
  ( 'gyrNT Guarayu', 1, 'scriptureappbuilder-AMA-gyr-gyrNT-Guarayu', 8, 5, 1, 'gyr', now(), now(), null, true, true),
  ( 'srqNT Siriono', 1, 'scriptureappbuilder-AMA-srq-srqNT-Siriono', 8, 5, 1, 'srq', now(), now(), null, true, true),
  ( 'cavNT Cavineña', 1, 'scriptureappbuilder-AMA-cav-cavNT-Cavinea', 8, 5, 1, 'cav', now(), now(), null, true, true),
  ( 'caoNT Chacobo', 1, 'scriptureappbuilder-AMA-cao-caoNT-Chacobo', 8, 5, 1, 'cao', now(), now(), null, true, true),
  ( 'ncaNT Iyo', 1, 'scriptureappbuilder-AMA-nca-ncaNT-Iyo', 8, 5, 1, 'nca', now(), now(), null, true, true),
  ( 'nasPB Naasioi', 1, 'scriptureappbuilder-AMA-nas-nasPB-Naasioi', 8, 5, 1, 'nas', now(), now(), null, true, true),
  ( 'nakNT Nakanai', 1, 'scriptureappbuilder-AMA-nak-nakNT-Nakanai', 8, 5, 1, 'nak', now(), now(), null, true, true),
  ( 'nafNT Nabak', 1, 'scriptureappbuilder-AMA-naf-nafNT-Nabak', 8, 5, 1, 'naf', now(), now(), null, true, true),
  ( 'moxNT Molima', 1, 'scriptureappbuilder-AMA-mox-moxNT-Molima', 8, 5, 1, 'mox', now(), now(), null, true, true),
  ( 'mvnNT Minaveha', 1, 'scriptureappbuilder-AMA-mvn-mvnNT-Minaveha', 8, 5, 1, 'mvn', now(), now(), null, true, true),
  ( 'mzzMK Maiadomu', 1, 'scriptureappbuilder-AMA-mzz-mzzMK-Maiadomu', 8, 5, 1, 'mzz', now(), now(), null, true, true),
  ( 'mywNT Muyuw', 1, 'scriptureappbuilder-AMA-myw-mywNT-Muyuw', 8, 5, 1, 'myw', now(), now(), null, true, true),
  ( 'mwcPB Are', 1, 'scriptureappbuilder-AMA-mwc-mwcPB-Are', 8, 5, 1, 'mwc', now(), now(), null, true, true),
  ( 'mcqNT Ese', 1, 'scriptureappbuilder-AMA-mcq-mcqNT-Ese', 8, 5, 1, 'mcq', now(), now(), null, true, true),
  ( 'mvaNT Manam', 1, 'scriptureappbuilder-AMA-mva-mvaNT-Manam', 8, 5, 1, 'mva', now(), now(), null, true, true),
  ( 'muxNT Mara-Gomu', 1, 'scriptureappbuilder-AMA-mux-muxNT-Mara-Gomu', 8, 5, 1, 'mux', now(), now(), null, true, true),
  ( 'mtiNT Maiwa', 1, 'scriptureappbuilder-AMA-mti-mtiNT-Maiwa', 8, 5, 1, 'mti', now(), now(), null, true, true),
  ( 'mptNT Mian', 1, 'scriptureappbuilder-AMA-mpt-mptNT-Mian', 8, 5, 1, 'mpt', now(), now(), null, true, true),
  ( 'mpsB Dadibi', 1, 'scriptureappbuilder-AMA-mps-mpsB-Dadibi', 8, 5, 1, 'mps', now(), now(), null, true, true),
  ( 'mppPB Migabac', 1, 'scriptureappbuilder-AMA-mpp-mppPB-Migabac', 8, 5, 1, 'mpp', now(), now(), null, true, true),
  ( 'mnaPB Mbula', 1, 'scriptureappbuilder-AMA-mna-mnaPB-Mbula', 8, 5, 1, 'mna', now(), now(), null, true, true),
  ( 'mmoNT Mangga Buang', 1, 'scriptureappbuilder-AMA-mmo-mmoNT-Mangga-Buang', 8, 5, 1, 'mmo', now(), now(), null, true, true),
  ( 'meeNT Mengen', 1, 'scriptureappbuilder-AMA-mee-meeNT-Mengen', 8, 5, 1, 'mee', now(), now(), null, true, true),
  ( 'mlpNT Bargam', 1, 'scriptureappbuilder-AMA-mlp-mlpNT-Bargam', 8, 5, 1, 'mlp', now(), now(), null, true, true),
  ( 'mlhNT Mape', 1, 'scriptureappbuilder-AMA-mlh-mlhNT-Mape', 8, 5, 1, 'mlh', now(), now(), null, true, true),
  ( 'mhlNT Mauwake', 1, 'scriptureappbuilder-AMA-mhl-mhlNT-Mauwake', 8, 5, 1, 'mhl', now(), now(), null, true, true),
  ( 'mekNT Mekeo', 1, 'scriptureappbuilder-AMA-mek-mekNT-Mekeo', 8, 5, 1, 'mek', now(), now(), null, true, true),
  ( 'medNT Melpa', 1, 'scriptureappbuilder-AMA-med-medNT-Melpa', 8, 5, 1, 'med', now(), now(), null, true, true),
  ( 'mbhNT Mangseng', 1, 'scriptureappbuilder-AMA-mbh-mbhNT-Mangseng', 8, 5, 1, 'mbh', now(), now(), null, true, true),
  ( 'lidPB Nyindrou', 1, 'scriptureappbuilder-AMA-lid-lidPB-Nyindrou', 8, 5, 1, 'lid', now(), now(), null, true, true),
  ( 'leuNT Kara', 1, 'scriptureappbuilder-AMA-leu-leuNT-Kara', 8, 5, 1, 'leu', now(), now(), null, true, true),
  ( 'lcmPB Tungag', 1, 'scriptureappbuilder-AMA-lcm-lcmPB-Tungag', 8, 5, 1, 'lcm', now(), now(), null, true, true),
  ( 'kzeNT Kosena', 1, 'scriptureappbuilder-AMA-kze-kzeNT-Kosena', 8, 5, 1, 'kze', now(), now(), null, true, true),
  ( 'kycPB Kyaka Enga', 1, 'scriptureappbuilder-AMA-kyc-kycPB-Kyaka-Enga', 8, 5, 1, 'kyc', now(), now(), null, true, true),
  ( 'kygPB Keyagana', 1, 'scriptureappbuilder-AMA-kyg-kygPB-Keyagana', 8, 5, 1, 'kyg', now(), now(), null, true, true),
  ( 'kwjNT Kwanga', 1, 'scriptureappbuilder-AMA-kwj-kwjNT-Kwanga', 8, 5, 1, 'kwj', now(), now(), null, true, true),
  ( 'kupNT Kunimaipa', 1, 'scriptureappbuilder-AMA-kup-kupNT-Kunimaipa', 8, 5, 1, 'kup', now(), now(), null, true, true),
  ( 'kueNT Kuman', 1, 'scriptureappbuilder-AMA-kue-kueNT-Kuman', 8, 5, 1, 'kue', now(), now(), null, true, true),
  ( 'kqcP Doromu-Koki', 1, 'scriptureappbuilder-AMA-kqc-kqcP-Doromu-Koki', 8, 5, 1, 'kqc', now(), now(), null, true, true),
  ( 'ktoNT Kuot', 1, 'scriptureappbuilder-AMA-kto-ktoNT-Kuot', 8, 5, 1, 'kto', now(), now(), null, true, true),
  ( 'ksrNT Borong', 1, 'scriptureappbuilder-AMA-ksr-ksrNT-Borong', 8, 5, 1, 'ksr', now(), now(), null, true, true),
  ( 'kudNT Auhelawa', 1, 'scriptureappbuilder-AMA-kud-kudNT-Auhelawa', 8, 5, 1, 'kud', now(), now(), null, true, true),
  ( 'kqwP Kandas', 1, 'scriptureappbuilder-AMA-kqw-kqwP-Kandas', 8, 5, 1, 'kqw', now(), now(), null, true, true),
  ( 'kpxNT Mountain Koiali', 1, 'scriptureappbuilder-AMA-kpx-kpxNT-Mountain-Koiali', 8, 5, 1, 'kpx', now(), now(), null, true, true),
  ( 'kpwNT Kobon', 1, 'scriptureappbuilder-AMA-kpw-kpwNT-Kobon', 8, 5, 1, 'kpw', now(), now(), null, true, true),
  ( 'kprPB Korafe-Yegha', 1, 'scriptureappbuilder-AMA-kpr-kprPB-Korafe-Yegha', 8, 5, 1, 'kpr', now(), now(), null, true, true),
  ( 'kpgB Kapingamarangi', 1, 'scriptureappbuilder-AMA-kpg-kpgB-Kapingamarangi', 8, 5, 1, 'kpg', now(), now(), null, true, true),
  ( 'kpfNT Komba', 1, 'scriptureappbuilder-AMA-kpf-kpfNT-Komba', 8, 5, 1, 'kpf', now(), now(), null, true, true),
  ( 'knvFNT Tabo Fly River', 1, 'scriptureappbuilder-AMA-knv-knvFNT-Tabo-Fly-River', 8, 5, 1, 'knv', now(), now(), null, true, true),
  ( 'knvANT Tabo Aramia', 1, 'scriptureappbuilder-AMA-knv-knvANT-Tabo-Aramia', 8, 5, 1, 'knv', now(), now(), null, true, true),
  ( 'kmuNT Kanite', 1, 'scriptureappbuilder-AMA-kmu-kmuNT-Kanite', 8, 5, 1, 'kmu', now(), now(), null, true, true),
  ( 'kmoNT Washkuk', 1, 'scriptureappbuilder-AMA-kmo-kmoNT-Washkuk', 8, 5, 1, 'kmo', now(), now(), null, true, true),
  ( 'kmhMNT Minimib', 1, 'scriptureappbuilder-AMA-kmh-kmhMNT-Minimib', 8, 5, 1, 'kmh', now(), now(), null, true, true),
  ( 'kmhNT Kalam', 1, 'scriptureappbuilder-AMA-kmh-kmhNT-Kalam', 8, 5, 1, 'kmh', now(), now(), null, true, true),
  ( 'kjsNT East Kewa', 1, 'scriptureappbuilder-AMA-kjs-kjsNT-East-Kewa', 8, 5, 1, 'kjs', now(), now(), null, true, true),
  ( 'khzNT Kalo', 1, 'scriptureappbuilder-AMA-khz-khzNT-Kalo', 8, 5, 1, 'khz', now(), now(), null, true, true),
  ( 'kgfPB Kube', 1, 'scriptureappbuilder-AMA-kgf-kgfPB-Kube', 8, 5, 1, 'kgf', now(), now(), null, true, true),
  ( 'kewPB West Kewa', 1, 'scriptureappbuilder-AMA-kew-kewPB-West-Kewa', 8, 5, 1, 'kew', now(), now(), null, true, true),
  ( 'kbqPB Kamano-Kafe', 1, 'scriptureappbuilder-AMA-kbq-kbqPB-Kamano-Kafe', 8, 5, 1, 'kbq', now(), now(), null, true, true),
  ( 'kbmNT Iwal', 1, 'scriptureappbuilder-AMA-kbm-kbmNT-Iwal', 8, 5, 1, 'kbm', now(), now(), null, true, true),
  ( 'iouPB Tuma-Irumu', 1, 'scriptureappbuilder-AMA-iou-iouPB-Tuma-Irumu', 8, 5, 1, 'iou', now(), now(), null, true, true),
  ( 'iwsNT Sepik Iwam', 1, 'scriptureappbuilder-AMA-iws-iwsNT-Sepik-Iwam', 8, 5, 1, 'iws', now(), now(), null, true, true),
  ( 'jaaNT Jamamadi', 1, 'scriptureappbuilder-AMA-jaa-jaaNT-Jamamadi', 8, 5, 1, 'jaa', now(), now(), null, true, true),
  ( 'inoNT Inoke-Yate', 1, 'scriptureappbuilder-AMA-ino-inoNT-Inoke-Yate', 8, 5, 1, 'ino', now(), now(), null, true, true),
  ( 'imoNT Imbo Ungu', 1, 'scriptureappbuilder-AMA-imo-imoNT-Imbo-Ungu', 8, 5, 1, 'imo', now(), now(), null, true, true),
  ( 'ianNT Iatmul', 1, 'scriptureappbuilder-AMA-ian-ianNT-Iatmul', 8, 5, 1, 'ian', now(), now(), null, true, true),
  ( 'huiB Huli', 1, 'scriptureappbuilder-AMA-hui-huiB-Huli', 8, 5, 1, 'hui', now(), now(), null, true, true),
  ( 'hotNT Malei-Hote', 1, 'scriptureappbuilder-AMA-hot-hotNT-Malei-Hote', 8, 5, 1, 'hot', now(), now(), null, true, true),
  ( 'hlaNT Halai', 1, 'scriptureappbuilder-AMA-hla-hlaNT-Halai', 8, 5, 1, 'hla', now(), now(), null, true, true),
  ( 'gvfNT Golin', 1, 'scriptureappbuilder-AMA-gvf-gvfNT-Golin', 8, 5, 1, 'gvf', now(), now(), null, true, true),
  ( 'gnwPB Guarani Western', 1, 'scriptureappbuilder-AMA-gnw-gnwPB-Guarani-Western', 8, 5, 1, 'gnw', now(), now(), null, true, true),
  ( 'ghsNT Guhu-Samane', 1, 'scriptureappbuilder-AMA-ghs-ghsNT-Guhu-Samane', 8, 5, 1, 'ghs', now(), now(), null, true, true),
  ( 'gfkNT Patpatar', 1, 'scriptureappbuilder-AMA-gfk-gfkNT-Patpatar', 8, 5, 1, 'gfk', now(), now(), null, true, true),
  ( 'gdrNT Wipi', 1, 'scriptureappbuilder-AMA-gdr-gdrNT-Wipi', 8, 5, 1, 'gdr', now(), now(), null, true, true),
  ( 'gdnNT Umanakaina', 1, 'scriptureappbuilder-AMA-gdn-gdnNT-Umanakaina', 8, 5, 1, 'gdn', now(), now(), null, true, true),
  ( 'gawNT Nobonob', 1, 'scriptureappbuilder-AMA-gaw-gawNT-Nobonob', 8, 5, 1, 'gaw', now(), now(), null, true, true),
  ( 'forNT Fore', 1, 'scriptureappbuilder-AMA-for-forNT-Fore', 8, 5, 1, 'for', now(), now(), null, true, true),
  ( 'gahNT Alekano', 1, 'scriptureappbuilder-AMA-gah-gahNT-Alekano', 8, 5, 1, 'gah', now(), now(), null, true, true),
  ( 'faiNT Faiwol', 1, 'scriptureappbuilder-AMA-fai-faiNT-Faiwol', 8, 5, 1, 'fai', now(), now(), null, true, true),
  ( 'conPB Cofan', 1, 'scriptureappbuilder-AMA-con-conPB-Cofan', 8, 5, 1, 'con', now(), now(), null, true, true),
  ( 'plsNT Popoloca Tlacoyalco', 1, 'scriptureappbuilder-AMA-pls-plsNT-Popoloca-Tlacoyalco', 9, 3, 1, 'pls', now(), now(), null, true, true),
  ( 'poiNT Popoluca sierra', 1, 'scriptureappbuilder-AMA-poi-poiNT-Popoluca-sierra', 9, 3, 1, 'poi', now(), now(), null, true, true),
  ( 'faaNT Fasu', 1, 'scriptureappbuilder-AMA-faa-faaNT-Fasu', 8, 5, 1, 'faa', now(), now(), null, true, true),
  ( 'enqNT Enga', 1, 'scriptureappbuilder-AMA-enq-enqNT-Enga', 8, 5, 1, 'enq', now(), now(), null, true, true),
  ( 'emiPB Mussau-Emira', 1, 'scriptureappbuilder-AMA-emi-emiPB-Mussau-Emira', 8, 5, 1, 'emi', now(), now(), null, true, true),
  ( 'dwwNT Dawawa', 1, 'scriptureappbuilder-AMA-dww-dwwNT-Dawawa', 8, 5, 1, 'dww', now(), now(), null, true, true),
  ( 'dobNT Dobu', 1, 'scriptureappbuilder-AMA-dob-dobNT-Dobu', 8, 5, 1, 'dob', now(), now(), null, true, true),
  ( 'dgzNT Daga', 1, 'scriptureappbuilder-AMA-dgz-dgzNT-Daga', 8, 5, 1, 'dgz', now(), now(), null, true, true),
  ( 'dedPB Dedua', 1, 'scriptureappbuilder-AMA-ded-dedPB-Dedua', 8, 5, 1, 'ded', now(), now(), null, true, true),
  ( 'dahNT Gwahatike', 1, 'scriptureappbuilder-AMA-dah-dahNT-Gwahatike', 8, 5, 1, 'dah', now(), now(), null, true, true),
  ( 'dadNT Marik', 1, 'scriptureappbuilder-AMA-dad-dadNT-Marik', 8, 5, 1, 'dad', now(), now(), null, true, true),
  ( 'cjvNT Chuave', 1, 'scriptureappbuilder-AMA-cjv-cjvNT-Chuave', 8, 5, 1, 'cjv', now(), now(), null, true, true),
  ( 'bzhNT Buang', 1, 'scriptureappbuilder-AMA-bzh-bzhNT-Buang', 8, 5, 1, 'bzh', now(), now(), null, true, true),
  ( 'byx_Qaqet_Bible.apk', 1, 'scriptureappbuilder-AMA-byx-byxQaqetBibleapk', 8, 5, 1, 'byx', now(), now(), null, true, true),
  ( 'byrPB Yipma Baruya', 1, 'scriptureappbuilder-AMA-byr-byrPB-Yipma-Baruya', 8, 5, 1, 'byr', now(), now(), null, true, true),
  ( 'bonNT Bine', 1, 'scriptureappbuilder-AMA-bon-bonNT-Bine', 8, 5, 1, 'bon', now(), now(), null, true, true),
  ( 'bnpPB Bola', 1, 'scriptureappbuilder-AMA-bnp-bnpPB-Bola', 8, 5, 1, 'bnp', now(), now(), null, true, true),
  ( 'bmuPB Burum Mindik', 1, 'scriptureappbuilder-AMA-bmu-bmuPB-Burum-Mindik', 8, 5, 1, 'bmu', now(), now(), null, true, true),
  ( 'bmhNT Kein', 1, 'scriptureappbuilder-AMA-bmh-bmhNT-Kein', 8, 5, 1, 'bmh', now(), now(), null, true, true),
  ( 'bjrNT Binumarien', 1, 'scriptureappbuilder-AMA-bjr-bjrNT-Binumarien', 8, 5, 1, 'bjr', now(), now(), null, true, true),
  ( 'pdcB Pennsylvania Dutch', 1, 'scriptureappbuilder-AMA-pdc-pdcB-Pennsylvania-Dutch', 8, 5, 1, 'pdc', now(), now(), null, true, true),
  ( 'bigNT Biangai', 1, 'scriptureappbuilder-AMA-big-bigNT-Biangai', 8, 5, 1, 'big', now(), now(), null, true, true),
  ( 'bhlPB Bimin', 1, 'scriptureappbuilder-AMA-bhl-bhlPB-Bimin', 8, 5, 1, 'bhl', now(), now(), null, true, true),
  ( 'befNT Benabena', 1, 'scriptureappbuilder-AMA-bef-befNT-Benabena', 8, 5, 1, 'bef', now(), now(), null, true, true),
  ( 'bddNT Bunama', 1, 'scriptureappbuilder-AMA-bdd-bddNT-Bunama', 8, 5, 1, 'bdd', now(), now(), null, true, true),
  ( 'bchPB Bariai', 1, 'scriptureappbuilder-AMA-bch-bchPB-Bariai', 8, 5, 1, 'bch', now(), now(), null, true, true),
  ( 'bbrNT Girawa', 1, 'scriptureappbuilder-AMA-bbr-bbrNT-Girawa', 8, 5, 1, 'bbr', now(), now(), null, true, true),
  ( 'bbbPB Barai', 1, 'scriptureappbuilder-AMA-bbb-bbbPB-Barai', 8, 5, 1, 'bbb', now(), now(), null, true, true),
  ( 'awbNT Awa', 1, 'scriptureappbuilder-AMA-awb-awbNT-Awa', 8, 5, 1, 'awb', now(), now(), null, true, true),
  ( 'avtNT Au', 1, 'scriptureappbuilder-AMA-avt-avtNT-Au', 8, 5, 1, 'avt', now(), now(), null, true, true),
  ( 'auyNT Awiyaana', 1, 'scriptureappbuilder-AMA-auy-auyNT-Awiyaana', 8, 5, 1, 'auy', now(), now(), null, true, true),
  ( 'ataNT Pele-Ata', 1, 'scriptureappbuilder-AMA-ata-ataNT-Pele-Ata', 8, 5, 1, 'ata', now(), now(), null, true, true),
  ( 'apeA Arapesh', 1, 'scriptureappbuilder-AMA-ape-apeA-Arapesh', 8, 5, 1, 'ape', now(), now(), null, true, true),
  ( 'aomNT Omie', 1, 'scriptureappbuilder-AMA-aom-aomNT-Omie', 8, 5, 1, 'aom', now(), now(), null, true, true),
  ( 'mmxPB Madak', 1, 'scriptureappbuilder-AMA-mmx-mmxPB-Madak', 8, 5, 1, 'mmx', now(), now(), null, true, true),
  ( 'zabNT Zapoteco Guelavia', 1, 'scriptureappbuilder-AMA-zab-zabNT-Zapoteco-Guelavia', 9, 3, 1, 'zab', now(), now(), null, true, true),
  ( 'tacNT Tarahumara Baja', 1, 'scriptureappbuilder-AMA-tac-tacNT-Tarahumara-Baja', 9, 3, 1, 'tac', now(), now(), null, true, true),
  ( 'zaaNT Zapoteco sierra Juarez', 1, 'scriptureappbuilder-AMA-zaa-zaaNT-Zapoteco-sierra-Juarez', 9, 3, 1, 'zaa', now(), now(), null, true, true),
  ( 'varNT Huarijio', 1, 'scriptureappbuilder-AMA-var-varNT-Huarijio', 9, 3, 1, 'var', now(), now(), null, true, true),
  ( 'xtdNT Mixteco Diuxi-Tilantongo', 1, 'scriptureappbuilder-AMA-xtd-xtdNT-Mixteco-Diuxi-Tilantongo', 9, 3, 1, 'xtd', now(), now(), null, true, true),
  ( 'stpNT Tepehuan sureste', 1, 'scriptureappbuilder-AMA-stp-stpNT-Tepehuan-sureste', 9, 3, 1, 'stp', now(), now(), null, true, true),
  ( 'wrsPB Waris Bible', 1, 'scriptureappbuilder-AMA-wrs-wrsPB-Waris-Bible', 8, 5, 1, 'wrs', now(), now(), null, true, true),
  ( 'vmyNT Mazateco Ayautla Biblia', 1, 'scriptureappbuilder-AMA-vmy-vmyNT-Mazateco-Ayautla-Biblia', 9, 3, 1, 'vmy', now(), now(), null, true, true),
  ( 'wncPB Wantoat', 1, 'scriptureappbuilder-AMA-wnc-wncPB-Wantoat', 8, 5, 1, 'wnc', now(), now(), null, true, true),
  ( 'kyuNTL Kayah Li - Latin', 1, 'scriptureappbuilder-AMA-kyu-kyuNTL-Kayah-Li---Latin', 8, 5, 1, 'kyu', now(), now(), null, true, true),
  ( 'knfPB Mancagne', 1, 'scriptureappbuilder-AMA-knf-knfPB-Mancagne', 8, 5, 1, 'knf', now(), now(), null, true, true),
  ( 'hchNTplus Huichol', 1, 'scriptureappbuilder-AMA-hch-hchNTplus-Huichol', 9, 3, 1, 'hch', now(), now(), null, true, true),
  ( 'dnjGWNT Dan Gweetaawu', 1, 'scriptureappbuilder-AMA-dnj-dnjGWNT-Dan-Gweetaawu', 8, 5, 1, 'dnj', now(), now(), null, true, true),
  ( 'dnjBLNT Dan Blowo', 1, 'scriptureappbuilder-AMA-dnj-dnjBLNT-Dan-Blowo', 8, 5, 1, 'dnj', now(), now(), null, true, true),
  ( 'azzNT Nahuatl sierra Puebla', 1, 'scriptureappbuilder-AMA-azz-azzNT-Nahuatl-sierra-Puebla', 9, 3, 1, 'azz', now(), now(), null, true, true),
  ( 'asoNT Dano', 1, 'scriptureappbuilder-AMA-aso-asoNT-Dano', 8, 5, 1, 'aso', now(), now(), null, true, true),
  ( 'arnNT Mapudungun', 1, 'scriptureappbuilder-AMA-arn-arnNT-Mapudungun', 8, 5, 1, 'arn', now(), now(), null, true, true),
  ( 'apzNT Safeyoka', 1, 'scriptureappbuilder-AMA-apz-apzNT-Safeyoka', 8, 5, 1, 'apz', now(), now(), null, true, true),
  ( 'apeNT Bukiyip', 1, 'scriptureappbuilder-AMA-ape-apeNT-Bukiyip', 8, 5, 1, 'ape', now(), now(), null, true, true),
  ( 'aonNT Bumbita Arapesh', 1, 'scriptureappbuilder-AMA-aon-aonNT-Bumbita-Arapesh', 8, 5, 1, 'aon', now(), now(), null, true, true),
  ( 'tkePB Takwane', 1, 'scriptureappbuilder-AMA-tke-tkePB-Takwane', 8, 5, 1, 'tke', now(), now(), null, true, true),
  ( 'Kriol Ruth text-audio', 1, 'scriptureappbuilder-AAB-rop-Kriol-Ruth-text-audio', 1, 1, 1, 'rop', now(), now(), null, true, true),
  ( 'sylNT Asmani Kitab', 1, 'scriptureappbuilder-ASO-syl-sylNT-Asmani-Kitab', 1, 1, 1, 'syl', now(), now(), null, true, true),
  ( 'aojFNT Filifita', 1, 'scriptureappbuilder-AMA-aoj-aojFNT-Filifita', 8, 5, 1, 'aoj', now(), now(), null, true, true),
  ( 'abtWNT Wosara-Kamu (Ambulas)', 1, 'scriptureappbuilder-AMA-abt-abtWNT-Wosara-Kamu-Ambulas', 8, 5, 1, 'abt', now(), now(), null, true, true),
  ( 'aojMNT Mufian', 1, 'scriptureappbuilder-AMA-aoj-aojMNT-Mufian', 8, 5, 1, 'aoj', now(), now(), null, true, true),
  ( 'abtMNT Maprik (Ambulas)', 1, 'scriptureappbuilder-AMA-abt-abtMNT-Maprik-Ambulas', 8, 5, 1, 'abt', now(), now(), null, true, true),
  ( 'ampNT Alamblak', 1, 'scriptureappbuilder-AMA-amp-ampNT-Alamblak', 8, 5, 1, 'amp', now(), now(), null, true, true),
  ( 'nsuNT Nahuatl Sierra Negra', 1, 'scriptureappbuilder-MXB-nsu-nsuNT-Nahuatl-Sierra-Negra', 9, 3, 1, 'nsu', now(), now(), null, true, true),
  ( 'nkoPb Nkonya', 1, 'scriptureappbuilder-AMA-nko-nkoPb-Nkonya', 8, 5, 1, 'nko', now(), now(), null, true, true),
  ( 'tocNT Totonaco Coyutla', 1, 'scriptureappbuilder-AMA-toc-tocNT-Totonaco-Coyutla', 9, 3, 1, 'toc', now(), now(), null, true, true),
  ( 'tosNT Totonaco Sierra', 1, 'scriptureappbuilder-AMA-tos-tosNT-Totonaco-Sierra', 9, 3, 1, 'tos', now(), now(), null, true, true),
  ( 'ixlNNT Ixil Nebaj', 1, 'scriptureappbuilder-AMA-ixl-ixlNNT-Ixil-Nebaj', 8, 5, 1, 'ixl', now(), now(), null, true, true),
  ( 'xsbNT Sambal', 1, 'scriptureappbuilder-AMA-xsb-xsbNT-Sambal', 8, 5, 1, 'xsb', now(), now(), null, true, true),
  ( 'xnnNT Kankanay Northern', 1, 'scriptureappbuilder-AMA-xnn-xnnNT-Kankanay-Northern', 8, 5, 1, 'xnn', now(), now(), null, true, true),
  ( 'tblNT Tboli', 1, 'scriptureappbuilder-AMA-tbl-tblNT-Tboli', 8, 5, 1, 'tbl', now(), now(), null, true, true),
  ( 'tiyNT Tiruray', 1, 'scriptureappbuilder-AMA-tiy-tiyNT-Tiruray', 8, 5, 1, 'tiy', now(), now(), null, true, true),
  ( 'tbkNT Tagbanwa Calamian', 1, 'scriptureappbuilder-AMA-tbk-tbkNT-Tagbanwa-Calamian', 8, 5, 1, 'tbk', now(), now(), null, true, true),
  ( 'cokNT Cora Sta Teresa', 1, 'scriptureappbuilder-MXB-cok-cokNT-Cora-Sta-Teresa', 9, 3, 1, 'cok', now(), now(), null, true, true),
  ( 'tooNT Totonaco Xicotepec', 1, 'scriptureappbuilder-MXB-too-tooNT-Totonaco-Xicotepec', 9, 3, 1, 'too', now(), now(), null, true, true),
  ( 'topNT Totonaco Papantla', 1, 'scriptureappbuilder-MXB-top-topNT-Totonaco-Papantla', 9, 3, 1, 'top', now(), now(), null, true, true),
  ( 'sybNT Subanen Central', 1, 'scriptureappbuilder-AMA-syb-sybNT-Subanen-Central', 8, 5, 1, 'syb', now(), now(), null, true, true),
  ( 'zavNT Zapoteco Yatzachi', 1, 'scriptureappbuilder-MXB-zav-zavNT-Zapoteco-Yatzachi', 9, 3, 1, 'zav', now(), now(), null, true, true),
  ( 'gunB Guarani Mbya', 1, 'scriptureappbuilder-AMA-gun-gunB-Guarani-Mbya', 8, 5, 1, 'gun', now(), now(), null, true, true),
  ( 'sblB Sambali Botolan', 1, 'scriptureappbuilder-AMA-sbl-sblB-Sambali-Botolan', 8, 5, 1, 'sbl', now(), now(), null, true, true),
  ( 'sucNT Subanon Western', 1, 'scriptureappbuilder-AMA-suc-sucNT-Subanon-Western', 8, 5, 1, 'suc', now(), now(), null, true, true),
  ( 'sgbNT Ayta Mag-antsi', 1, 'scriptureappbuilder-AMA-sgb-sgbNT-Ayta-Mag-antsi', 8, 5, 1, 'sgb', now(), now(), null, true, true),
  ( 'lbkPB Bontok Central', 1, 'scriptureappbuilder-AMA-lbk-lbkPB-Bontok-Central', 8, 5, 1, 'lbk', now(), now(), null, true, true),
  ( 'zpmNT Zapoteco Mixtepec', 1, 'scriptureappbuilder-AMA-zpm-zpmNT-Zapoteco-Mixtepec', 9, 3, 1, 'zpm', now(), now(), null, true, true),
  ( 'zaeNT Zapoteco Yareni', 1, 'scriptureappbuilder-AMA-zae-zaeNT-Zapoteco-Yareni', 9, 3, 1, 'zae', now(), now(), null, true, true),
  ( 'zawNT Zapoteco Mitla', 1, 'scriptureappbuilder-AMA-zaw-zawNT-Zapoteco-Mitla', 9, 3, 1, 'zaw', now(), now(), null, true, true),
  ( 'zadNT Zapoteco Yaganiza', 1, 'scriptureappbuilder-AMA-zad-zadNT-Zapoteco-Yaganiza', 9, 3, 1, 'zad', now(), now(), null, true, true),
  ( 'zpoNT Zapoteco Amatlan', 1, 'scriptureappbuilder-AMA-zpo-zpoNT-Zapoteco-Amatlan', 9, 3, 1, 'zpo', now(), now(), null, true, true),
  ( 'zptNT Zapoteco SVCoatlan', 1, 'scriptureappbuilder-AMA-zpt-zptNT-Zapoteco-SVCoatlan', 9, 3, 1, 'zpt', now(), now(), null, true, true),
  ( 'zpzNT Zapoteco Texmelucan', 1, 'scriptureappbuilder-AMA-zpz-zpzNT-Zapoteco-Texmelucan', 9, 3, 1, 'zpz', now(), now(), null, true, true),
  ( 'ztqNT Zapoteco Quioquitani', 1, 'scriptureappbuilder-AMA-ztq-ztqNT-Zapoteco-Quioquitani', 9, 3, 1, 'ztq', now(), now(), null, true, true),
  ( 'aprNT Arop-Lokep', 1, 'scriptureappbuilder-AMA-apr-aprNT-Arop-Lokep', 8, 5, 1, 'apr', now(), now(), null, true, true),
  ( 'aggNT Angor', 1, 'scriptureappbuilder-AMA-agg-aggNT-Angor', 8, 5, 1, 'agg', now(), now(), null, true, true),
  ( 'aakNT Angave', 1, 'scriptureappbuilder-AMA-aak-aakNT-Angave', 8, 5, 1, 'aak', now(), now(), null, true, true),
  ( 'akhNT Angal Heneng', 1, 'scriptureappbuilder-AMA-akh-akhNT-Angal-Heneng', 8, 5, 1, 'akh', now(), now(), null, true, true),
  ( 'agmNT Angaataha', 1, 'scriptureappbuilder-AMA-agm-agmNT-Angaataha', 8, 5, 1, 'agm', now(), now(), null, true, true),
  ( 'abyNT Aneme Wake', 1, 'scriptureappbuilder-AMA-aby-abyNT-Aneme-Wake', 8, 5, 1, 'aby', now(), now(), null, true, true),
  ( 'aeyPB Amele', 1, 'scriptureappbuilder-AMA-aey-aeyPB-Amele', 8, 5, 1, 'aey', now(), now(), null, true, true),
  ( 'amkNT Ambai', 1, 'scriptureappbuilder-AMA-amk-amkNT-Ambai', 8, 5, 1, 'amk', now(), now(), null, true, true),
  ( 'amnNT Amanab', 1, 'scriptureappbuilder-AMA-amn-amnNT-Amanab', 8, 5, 1, 'amn', now(), now(), null, true, true),
  ( 'ammNT Ama-Sawiyanu', 1, 'scriptureappbuilder-AMA-amm-ammNT-Ama-Sawiyanu', 8, 5, 1, 'amm', now(), now(), null, true, true),
  ( 'alsB Albanian', 1, 'scriptureappbuilder-AMA-als-alsB-Albanian', 8, 5, 1, 'als', now(), now(), null, true, true),
  ( 'agdNT Agarabi', 1, 'scriptureappbuilder-AMA-agd-agdNT-Agarabi', 8, 5, 1, 'agd', now(), now(), null, true, true),
  ( 'adjNT Adioukrou', 1, 'scriptureappbuilder-AMA-adj-adjNT-Adioukrou', 8, 5, 1, 'adj', now(), now(), null, true, true),
  ( 'aauNT Abau', 1, 'scriptureappbuilder-AMA-aau-aauNT-Abau', 8, 5, 1, 'aau', now(), now(), null, true, true),
  ( 'prfNT Paranan', 1, 'scriptureappbuilder-AMA-prf-prfNT-Paranan', 8, 5, 1, 'prf', now(), now(), null, true, true),
  ( 'isdNT Isnag', 1, 'scriptureappbuilder-AMA-isd-isdNT-Isnag', 8, 5, 1, 'isd', now(), now(), null, true, true),
  ( 'bgsPB Tagabawa', 1, 'scriptureappbuilder-AMA-bgs-bgsPB-Tagabawa', 8, 5, 1, 'bgs', now(), now(), null, true, true),
  ( 'msbNT Masbatenyo', 1, 'scriptureappbuilder-AMA-msb-msbNT-Masbatenyo', 8, 5, 1, 'msb', now(), now(), null, true, true),
  ( 'kscNT Kalinga Southern', 1, 'scriptureappbuilder-AMA-ksc-kscNT-Kalinga-Southern', 8, 5, 1, 'ksc', now(), now(), null, true, true),
  ( 'kmkNT Kalinga Limos', 1, 'scriptureappbuilder-AMA-kmk-kmkNT-Kalinga-Limos', 8, 5, 1, 'kmk', now(), now(), null, true, true),
  ( 'ivvNT Ivatan', 1, 'scriptureappbuilder-AMA-ivv-ivvNT-Ivatan', 8, 5, 1, 'ivv', now(), now(), null, true, true),
  ( 'ivbPB Ibatan', 1, 'scriptureappbuilder-AMA-ivb-ivbPB-Ibatan', 8, 5, 1, 'ivb', now(), now(), null, true, true),
  ( 'ifaB Amganad Ifugao', 1, 'scriptureappbuilder-AMA-ifa-ifaB-Amganad-Ifugao', 8, 5, 1, 'ifa', now(), now(), null, true, true),
  ( 'ebkNT Bontok Eastern', 1, 'scriptureappbuilder-AMA-ebk-ebkNT-Bontok-Eastern', 8, 5, 1, 'ebk', now(), now(), null, true, true),
  ( 'duoNT Agta Dupaninan', 1, 'scriptureappbuilder-AMA-duo-duoNT-Agta-Dupaninan', 8, 5, 1, 'duo', now(), now(), null, true, true),
  ( 'dueNT Agta Umiray Dumaget', 1, 'scriptureappbuilder-AMA-due-dueNT-Agta-Umiray-Dumaget', 8, 5, 1, 'due', now(), now(), null, true, true),
  ( 'dgcNT Agta Casiguran Dumagat', 1, 'scriptureappbuilder-AMA-dgc-dgcNT-Agta-Casiguran-Dumagat', 8, 5, 1, 'dgc', now(), now(), null, true, true),
  ( 'cbkNT Chavacano', 1, 'scriptureappbuilder-AMA-cbk-cbkNT-Chavacano', 8, 5, 1, 'cbk', now(), now(), null, true, true),
  ( 'bpsPB Sarangani Blaan', 1, 'scriptureappbuilder-AMA-bps-bpsPB-Sarangani-Blaan', 8, 5, 1, 'bps', now(), now(), null, true, true),
  ( 'blwNT Balangao', 1, 'scriptureappbuilder-AMA-blw-blwNT-Balangao', 8, 5, 1, 'blw', now(), now(), null, true, true),
  ( 'bkdNT Binukid', 1, 'scriptureappbuilder-AMA-bkd-bkdNT-Binukid', 8, 5, 1, 'bkd', now(), now(), null, true, true),
  ( 'attNT Atta Pamplona', 1, 'scriptureappbuilder-AMA-att-attNT-Atta-Pamplona', 8, 5, 1, 'att', now(), now(), null, true, true),
  ( 'atdNT Ata Manobo', 1, 'scriptureappbuilder-AMA-atd-atdNT-Ata-Manobo', 8, 5, 1, 'atd', now(), now(), null, true, true),
  ( 'agtNT Agta Central Cagayan', 1, 'scriptureappbuilder-AMA-agn-agtNT-Agta-Central-Cagayan', 8, 5, 1, 'agn', now(), now(), null, true, true),
  ( 'agnNT Agutaynen', 1, 'scriptureappbuilder-AMA-agn-agnNT-Agutaynen', 8, 5, 1, 'agn', now(), now(), null, true, true),
  ( 'abxNT Inabaknon', 1, 'scriptureappbuilder-AMA-abx-abxNT-Inabaknon', 8, 5, 1, 'abx', now(), now(), null, true, true),
  ( 'mtaPB Manobo Cotabato', 1, 'scriptureappbuilder-AMA-mta-mtaPB-Manobo-Cotabato', 8, 5, 1, 'mta', now(), now(), null, true, true),
  ( 'plwPB Palawano Brookes Point', 1, 'scriptureappbuilder-AMA-plw-plwPB-Palawano-Brookes-Point', 8, 5, 1, 'plw', now(), now(), null, true, true),
  ( 'oboNT Manobo Obo', 1, 'scriptureappbuilder-AMA-obo-oboNT-Manobo-Obo', 8, 5, 1, 'obo', now(), now(), null, true, true),
  ( 'msmNT Manobo Agusan', 1, 'scriptureappbuilder-AMA-msm-msmNT-Manobo-Agusan', 8, 5, 1, 'msm', now(), now(), null, true, true),
  ( 'mskNT Mansaka', 1, 'scriptureappbuilder-AMA-msk-mskNT-Mansaka', 8, 5, 1, 'msk', now(), now(), null, true, true),
  ( 'mmnNT Mamanwa', 1, 'scriptureappbuilder-AMA-mmn-mmnNT-Mamanwa', 8, 5, 1, 'mmn', now(), now(), null, true, true),
  ( 'mbiNT Manobo Ilianen', 1, 'scriptureappbuilder-AMA-mbi-mbiNT-Manobo-Ilianen', 8, 5, 1, 'mbi', now(), now(), null, true, true),
  ( 'mbdNT Manobo Dibabawon', 1, 'scriptureappbuilder-AMA-mbd-mbdNT-Manobo-Dibabawon', 8, 5, 1, 'mbd', now(), now(), null, true, true),
  ( 'mbtPB Manobo Matigsalug', 1, 'scriptureappbuilder-AMA-mbt-mbtPB-Manobo-Matigsalug', 8, 5, 1, 'mbt', now(), now(), null, true, true),
  ( 'mbbPB Manobo Western Bukidnon', 1, 'scriptureappbuilder-AMA-mbb-mbbPB-Manobo-Western-Bukidnon', 8, 5, 1, 'mbb', now(), now(), null, true, true),
  ( 'knePB Kankanaey', 1, 'scriptureappbuilder-AMA-kne-knePB-Kankanaey', 8, 5, 1, 'kne', now(), now(), null, true, true),
  ( 'gdgNT Ga''dang', 1, 'scriptureappbuilder-AMA-gdg-gdgNT-Gadang', 8, 5, 1, 'gdg', now(), now(), null, true, true),
  ( 'cluPB Caluyanun', 1, 'scriptureappbuilder-AMA-clu-cluPB-Caluyanun', 8, 5, 1, 'clu', now(), now(), null, true, true),
  ( 'zaoNT Zapoteco Ozolotepec', 1, 'scriptureappbuilder-AMA-zao-zaoNT-Zapoteco-Ozolotepec', 9, 3, 1, 'zao', now(), now(), null, true, true),
  ( 'bqjPB Bandial', 1, 'scriptureappbuilder-AMA-bqj-bqjPB-Bandial', 8, 5, 1, 'bqj', now(), now(), null, true, true),
  ( 'Alkitab Tii', 1, 'scriptureappbuilder-AAB-txq-Alkitab-Tii', 1, 1, 1, 'txq', now(), now(), null, true, true),
  ( 'rugB Roviana Bible', 1, 'scriptureappbuilder-AMA-rug-rugB-Roviana-Bible', 8, 5, 1, 'rug', now(), now(), null, true, true),
  ( 'poeNT Popoloca Atzingo', 1, 'scriptureappbuilder-AMA-poe-poeNT-Popoloca-Atzingo', 9, 3, 1, 'poe', now(), now(), null, true, true),
  ( 'tnkNT Kwamera', 1, 'scriptureappbuilder-AMA-tnk-tnkNT-Kwamera', 8, 5, 1, 'tnk', now(), now(), null, true, true),
  ( 'kqeNT Kalagan', 1, 'scriptureappbuilder-AMA-kqe-kqeNT-Kalagan', 8, 5, 1, 'kqe', now(), now(), null, true, true),
  ( 'zosNT Zoque Francisco Leon', 1, 'scriptureappbuilder-AMA-zos-zosNT-Zoque-Francisco-Leon', 9, 3, 1, 'zos', now(), now(), null, true, true),
  ( 'zasNT Zapoteco Albarradas', 1, 'scriptureappbuilder-AMA-zas-zasNT-Zapoteco-Albarradas', 9, 3, 1, 'zas', now(), now(), null, true, true),
  ( 'zpiNT Zapoteco Quiegolani', 1, 'scriptureappbuilder-AMA-zpi-zpiNT-Zapoteco-Quiegolani', 9, 3, 1, 'zpi', now(), now(), null, true, true),
  ( 'zplNT Zapoteco Lachixio', 1, 'scriptureappbuilder-AMA-zpl-zplNT-Zapoteco-Lachixio', 9, 3, 1, 'zpl', now(), now(), null, true, true),
  ( 'zcaNT Zapoteco Coatecas Altas', 1, 'scriptureappbuilder-AMA-zca-zcaNT-Zapoteco-Coatecas-Altas', 9, 3, 1, 'zca', now(), now(), null, true, true),
  ( 'zpqNT Zapoteco Zoogocho', 1, 'scriptureappbuilder-AMA-zpq-zpqNT-Zapoteco-Zoogocho', 9, 3, 1, 'zpq', now(), now(), null, true, true),
  ( 'zpuNT Zapoteco Yalalag', 1, 'scriptureappbuilder-AMA-zpu-zpuNT-Zapoteco-Yalalag', 9, 3, 1, 'zpu', now(), now(), null, true, true),
  ( 'zatNT Zapoteco Tabaa', 1, 'scriptureappbuilder-AMA-zat-zatNT-Zapoteco-Tabaa', 9, 3, 1, 'zat', now(), now(), null, true, true),
  ( 'zarNT Zapoteco Rincon', 1, 'scriptureappbuilder-AMA-zar-zarNT-Zapoteco-Rincon', 9, 3, 1, 'zar', now(), now(), null, true, true),
  ( 'zpcNT Zapoteco Choapan', 1, 'scriptureappbuilder-AMA-zpc-zpcNT-Zapoteco-Choapan', 9, 3, 1, 'zpc', now(), now(), null, true, true),
  ( 'tptNT Tepehua Tlachichilco', 1, 'scriptureappbuilder-AMA-tpt-tptNT-Tepehua-Tlachichilco', 9, 3, 1, 'tpt', now(), now(), null, true, true),
  ( 'tppNT Tepehua Pisaflores', 1, 'scriptureappbuilder-AMA-tpp-tppNT-Tepehua-Pisaflores', 9, 3, 1, 'tpp', now(), now(), null, true, true),
  ( 'mpxPB Misima-Paneati', 1, 'scriptureappbuilder-AMA-mpx-mpxPB-Misima-Paneati', 8, 5, 1, 'mpx', now(), now(), null, true, true),
  ( 'ifuNT Mayoyao Ifugao', 1, 'scriptureappbuilder-AMA-ifu-ifuNT-Mayoyao-Ifugao', 8, 5, 1, 'ifu', now(), now(), null, true, true),
  ( 'bprNT Koronadal Blaan', 1, 'scriptureappbuilder-AMA-bpr-bprNT-Koronadal-Blaan', 8, 5, 1, 'bpr', now(), now(), null, true, true),
  ( 'cgcPB Kagayanen', 1, 'scriptureappbuilder-AMA-cgc-cgcPB-Kagayanen', 8, 5, 1, 'cgc', now(), now(), null, true, true),
  ( 'anvNT Denya', 1, 'scriptureappbuilder-AMA-anv-anvNT-Denya', 8, 5, 1, 'anv', now(), now(), null, true, true),
  ( 'Nooni Bible', 1, 'scriptureappbuilder-CMB-nhu-Nooni-Bible', 1, 1, 1, 'nhu', now(), now(), null, true, true),
  ( 'trsNT Triqui Chicahuaxtla', 1, 'scriptureappbuilder-AMA-trs-trsNT-Triqui-Chicahuaxtla', 9, 3, 1, 'trs', now(), now(), null, true, true),
  ( 'nlvNT Nahuatl Orizaba', 1, 'scriptureappbuilder-AMA-nlv-nlvNT-Nahuatl-Orizaba', 8, 5, 1, 'nlv', now(), now(), null, true, true),
  ( 'cyaNT Chatino Nopala', 1, 'scriptureappbuilder-AMA-cya-cyaNT-Chatino-Nopala', 9, 3, 1, 'cya', now(), now(), null, true, true),
  ( 'จี่วีดม้าม้า', 1, 'scriptureappbuilder-THG-bzi-', 1, 1, 1, 'bzi', now(), now(), null, true, true),
  ( 'bzdPB Bribri', 1, 'scriptureappbuilder-AMA-bzd-bzdPB-Bribri', 8, 5, 1, 'bzd', now(), now(), null, true, true),
  ( 'miyNT Mixteco Costa Guerrero - Ayutla', 1, 'scriptureappbuilder-MXB-miy-miyNT-Mixteco-Costa-Guerrero---Ayutla', 9, 3, 1, 'miy', now(), now(), null, true, true),
  ( 'zaiNT Zapoteco Istmo', 1, 'scriptureappbuilder-AMA-zai-zaiNT-Zapoteco-Istmo', 9, 3, 1, 'zai', now(), now(), null, true, true),
  ( 'xtmNT Mixtec Magdalena Peñasco', 1, 'scriptureappbuilder-AMA-xtm-xtmNT-Mixtec-Magdalena-Peasco', 9, 3, 1, 'xtm', now(), now(), null, true, true),
  ( 'teeNT Tepehua Huehuetla', 1, 'scriptureappbuilder-AMA-tee-teeNT-Tepehua-Huehuetla', 9, 3, 1, 'tee', now(), now(), null, true, true),
  ( 'ppsNT Popoloca Temalacayuca', 1, 'scriptureappbuilder-AMA-pps-ppsNT-Popoloca-Temalacayuca', 9, 3, 1, 'pps', now(), now(), null, true, true),
  ( 'pibNT Yine', 1, 'scriptureappbuilder-AMA-pib-pibNT-Yine', 8, 5, 1, 'pib', now(), now(), null, true, true),
  ( 'boaNT Bora', 1, 'scriptureappbuilder-AMA-boa-boaNT-Bora', 8, 5, 1, 'boa', now(), now(), null, true, true),
  ( 'pbbNT Paez (new orth)', 1, 'scriptureappbuilder-AMA-pbb-pbbNT-Paez-new-orth', 8, 5, 1, 'pbb', now(), now(), null, true, true),
  ( 'baoNT Waimaja', 1, 'scriptureappbuilder-AMA-bao-baoNT-Waimaja', 8, 5, 1, 'bao', now(), now(), null, true, true),
  ( 'gymPB Ngabere', 1, 'scriptureappbuilder-AMA-gym-gymPB-Ngabere', 8, 5, 1, 'gym', now(), now(), null, true, true),
  ( 'bkqNT Bakairi', 1, 'scriptureappbuilder-AMA-bkq-bkqNT-Bakairi', 8, 5, 1, 'bkq', now(), now(), null, true, true),
  ( 'mbsPB Manobo Sarangani', 1, 'scriptureappbuilder-AMA-mbs-mbsPB-Manobo-Sarangani', 8, 5, 1, 'mbs', now(), now(), null, true, true),
  ( 'noaNT Wounaan', 1, 'scriptureappbuilder-AMA-noa-noaNT-Wounaan', 8, 5, 1, 'noa', now(), now(), null, true, true),
  ( 'sabNT Buglere', 1, 'scriptureappbuilder-AMA-sab-sabNT-Buglere', 8, 5, 1, 'sab', now(), now(), null, true, true),
  ( 'tzjW Tzutujil Western', 1, 'scriptureappbuilder-AMA-tzj-tzjW-Tzutujil-Western', 8, 5, 1, 'tzj', now(), now(), null, true, true),
  ( 'tueNT Tuyuca', 1, 'scriptureappbuilder-AMA-tue-tueNT-Tuyuca', 8, 5, 1, 'tue', now(), now(), null, true, true),
  ( 'sriNT Siriano', 1, 'scriptureappbuilder-AMA-sri-sriNT-Siriano', 8, 5, 1, 'sri', now(), now(), null, true, true),
  ( 'tavNT Tatuya', 1, 'scriptureappbuilder-AMA-tav-tavNT-Tatuya', 8, 5, 1, 'tav', now(), now(), null, true, true),
  ( 'pirNT Piratapuyo', 1, 'scriptureappbuilder-AMA-pir-pirNT-Piratapuyo', 8, 5, 1, 'pir', now(), now(), null, true, true),
  ( 'snnNT Siona', 1, 'scriptureappbuilder-AMA-snn-snnNT-Siona', 8, 5, 1, 'snn', now(), now(), null, true, true),
  ( 'myyNT Macuna', 1, 'scriptureappbuilder-AMA-myy-myyNT-Macuna', 8, 5, 1, 'myy', now(), now(), null, true, true),
  ( 'pioNT Piapoco', 1, 'scriptureappbuilder-AMA-pio-pioNT-Piapoco', 8, 5, 1, 'pio', now(), now(), null, true, true),
  ( 'kbhNT Camsa', 1, 'scriptureappbuilder-AMA-kbh-kbhNT-Camsa', 8, 5, 1, 'kbh', now(), now(), null, true, true),
  ( 'htoNT Huitoto Minica', 1, 'scriptureappbuilder-AMA-hto-htoNT-Huitoto-Minica', 8, 5, 1, 'hto', now(), now(), null, true, true),
  ( 'inbNT Inga', 1, 'scriptureappbuilder-AMA-inb-inbNT-Inga', 8, 5, 1, 'inb', now(), now(), null, true, true),
  ( 'gvcNT Guanano', 1, 'scriptureappbuilder-AMA-gvc-gvcNT-Guanano', 8, 5, 1, 'gvc', now(), now(), null, true, true),
  ( 'tikNT Tikar', 1, 'scriptureappbuilder-AMA-tik-tikNT-Tikar', 8, 5, 1, 'tik', now(), now(), null, true, true),
  ( 'guoNT Guyabero', 1, 'scriptureappbuilder-AMA-guo-guoNT-Guyabero', 8, 5, 1, 'guo', now(), now(), null, true, true),
  ( 'bmrNT Muinane', 1, 'scriptureappbuilder-AMA-bmr-bmrNT-Muinane', 8, 5, 1, 'bmr', now(), now(), null, true, true),
  ( 'Kuku Yalanji Bible Portions', 1, 'scriptureappbuilder-AAB-wmt-Kuku-Yalanji-Bible-Portions', 1, 1, 1, 'wmt', now(), now(), null, true, true),
  ( 'Walmajarri Bible Portions', 1, 'scriptureappbuilder-AAB-wmt-Walmajarri-Bible-Portions', 1, 1, 1, 'wmt', now(), now(), null, true, true),
  ( 'Yumplatok Baibol', 1, 'scriptureappbuilder-AAB-tcs-Yumplatok-Baibol', 1, 1, 1, 'tcs', now(), now(), null, true, true),
  ( 'Minar Poelayzimayl', 1, 'scriptureappbuilder-AAB-mwp-Minar-Poelayzimayl', 1, 1, 1, 'mwp', now(), now(), null, true, true),
  ( 'Alkitab Kupang', 1, 'scriptureappbuilder-AAB-mkn-Alkitab-Kupang', 1, 1, 1, 'mkn', now(), now(), null, true, true),
  ( 'Alkitab Tetun', 1, 'scriptureappbuilder-AAB-tdt-Alkitab-Tetun', 1, 1, 1, 'tdt', now(), now(), null, true, true),
  ( 'Alkitab Helong', 1, 'scriptureappbuilder-AAB-heg-Alkitab-Helong', 1, 1, 1, 'heg', now(), now(), null, true, true),
  ( 'Alkitab Dhao', 1, 'scriptureappbuilder-AAB-nfa-Alkitab-Dhao', 1, 1, 1, 'nfa', now(), now(), null, true, true),
  ( 'Alkitab Amarasi', 1, 'scriptureappbuilder-AAB-aaz-Alkitab-Amarasi', 1, 1, 1, 'aaz', now(), now(), null, true, true),
  ( 'guhNT Guahibo', 1, 'scriptureappbuilder-AMA-guh-guhNT-Guahibo', 8, 5, 1, 'guh', now(), now(), null, true, true),
  ( 'desNT Desano', 1, 'scriptureappbuilder-AMA-des-desNT-Desano', 8, 5, 1, 'des', now(), now(), null, true, true),
  ( 'cuiNT Cuiba', 1, 'scriptureappbuilder-AMA-cui-cuiNT-Cuiba', 8, 5, 1, 'cui', now(), now(), null, true, true),
  ( 'cubNT Cubeo', 1, 'scriptureappbuilder-AMA-cub-cubNT-Cubeo', 8, 5, 1, 'cub', now(), now(), null, true, true),
  ( 'coeNT Koreguaje', 1, 'scriptureappbuilder-AMA-coe-coeNT-Koreguaje', 8, 5, 1, 'coe', now(), now(), null, true, true),
  ( 'Warlpiri Bible', 1, 'scriptureappbuilder-AAB-wbp-Warlpiri-Bible', 1, 1, 1, 'wbp', now(), now(), null, true, true),
  ( 'Wangurri Mark', 1, 'scriptureappbuilder-AAB-dhg-Wangurri-Mark', 1, 1, 1, 'dhg', now(), now(), null, true, true),
  ( 'Maung Mark', 1, 'scriptureappbuilder-AAB-mph-Maung-Mark', 1, 1, 1, 'mph', now(), now(), null, true, true),
  ( 'amuNT Amuzgo Guerrero', 1, 'scriptureappbuilder-AMA-amu-amuNT-Amuzgo-Guerrero', 9, 3, 1, 'amu', now(), now(), null, true, true),
  ( 'otmNT Otomi sierra oriente', 1, 'scriptureappbuilder-MXB-otm-otmNT-Otomi-sierra-oriente', 9, 3, 1, 'otm', now(), now(), null, true, true),
  ( 'kyuNT Kayah Li', 1, 'scriptureappbuilder-AMA-kyu-kyuNT-Kayah-Li', 8, 5, 1, 'kyu', now(), now(), null, true, true),
  ( 'cbvNT Cacua', 1, 'scriptureappbuilder-AMA-cbv-cbvNT-Cacua', 8, 5, 1, 'cbv', now(), now(), null, true, true),
  ( 'bsnNT Barasana-Eduria', 1, 'scriptureappbuilder-AMA-bsn-bsnNT-Barasana-Eduria', 8, 5, 1, 'bsn', now(), now(), null, true, true),
  ( 'ycnPB Yucuna', 1, 'scriptureappbuilder-AMA-ycn-ycnPB-Yucuna', 8, 5, 1, 'ycn', now(), now(), null, true, true),
  ( 'tuoCPB Tucano', 1, 'scriptureappbuilder-AMA-tuo-tuoCPB-Tucano', 8, 5, 1, 'tuo', now(), now(), null, true, true),
  ( 'tufNT Tunebo', 1, 'scriptureappbuilder-AMA-tuf-tufNT-Tunebo', 8, 5, 1, 'tuf', now(), now(), null, true, true),
  ( 'sjaPB Epena', 1, 'scriptureappbuilder-AMA-sja-sjaPB-Epena', 8, 5, 1, 'sja', now(), now(), null, true, true),
  ( 'pbbNT Paez (trad orth)', 1, 'scriptureappbuilder-AMA-pbb-pbbNT-Paez', 8, 5, 1, 'pbb', now(), now(), null, true, true),
  ( 'gumPB Guambiano', 1, 'scriptureappbuilder-AMA-gum-gumPB-Guambiano', 8, 5, 1, 'gum', now(), now(), null, true, true),
  ( 'gucNT Wayuu', 1, 'scriptureappbuilder-AMA-guc-gucNT-Wayuu', 8, 5, 1, 'guc', now(), now(), null, true, true),
  ( 'cbcNT Carapana', 1, 'scriptureappbuilder-AMA-cbc-cbcNT-Carapana', 8, 5, 1, 'cbc', now(), now(), null, true, true),
  ( 'kmsNT Kamasau', 1, 'scriptureappbuilder-AMA-kms-kmsNT-Kamasau', 8, 5, 1, 'kms', now(), now(), null, true, true),
  ( 'aaiNT Miniafia (Arifama)', 1, 'scriptureappbuilder-AMA-aai-aaiNT-Miniafia-Arifama', 8, 5, 1, 'aai', now(), now(), null, true, true),
  ( 'nhxMeca Nahuatl Mecayapan', 1, 'scriptureappbuilder-MXB-nhx-nhxMeca', 9, 3, 1, 'nhx', now(), now(), null, true, true),
  ( 'nhxTata Nahuatl Tatahuicapan', 1, 'scriptureappbuilder-MXB-nhx-nhxTata-Nahuatl-Tatahuicapan', 9, 3, 1, 'nhx', now(), now(), null, true, true),
  ( 'Hre New Testament', 1, 'scriptureappbuilder-SIL-hre-Hre-New-Testament', 1, 1, 1, 'hre', now(), now(), null, true, true),
  ( 'kdePB Makonde Bible', 1, 'scriptureappbuilder-AMA-kde-kdePB-Makonde-Bible', 8, 5, 1, 'kde', now(), now(), null, true, true),
  ( 'cakWNT Kaqchikel Occidental', 1, 'scriptureappbuilder-AMA-cak-cakWNT-Kaqchikel-Occidental', 8, 5, 1, 'cak', now(), now(), null, true, true),
  ( 'mjcNT Mixteco SJ Colorado', 1, 'scriptureappbuilder-MXB-mcj-mjcNT-Mixteco-SJ-Colorado', 9, 3, 1, 'mcj', now(), now(), null, true, true),
  ( 'caaPB Chorti', 1, 'scriptureappbuilder-AMA-caa-caaPB-Chorti', 8, 5, 1, 'caa', now(), now(), null, true, true),
  ( 'aguPB Aguacateco', 1, 'scriptureappbuilder-AMA-agu-aguPB-Aguacateco', 8, 5, 1, 'agu', now(), now(), null, true, true),
  ( 'kogNT Kogui', 1, 'scriptureappbuilder-AMA-kog-kogNT-Kogi', 8, 5, 1, 'kog', now(), now(), null, true, true),
  ( 'empPB Embera Northern', 1, 'scriptureappbuilder-AMA-emp-empPB-Embera-Northern', 8, 5, 1, 'emp', now(), now(), null, true, true),
  ( 'tkuNT Totonaco Patla-Chicontla', 1, 'scriptureappbuilder-AMA-tku-tkuNT-Totoanaco-Patla-Chicontla', 9, 3, 1, 'tku', now(), now(), null, true, true),
  ( 'srnNT Sranan', 1, 'scriptureappbuilder-AMA-srn-srnNT-Sranan', 8, 5, 1, 'srn', now(), now(), null, true, true),
  ( 'srmNT Saramaccan', 1, 'scriptureappbuilder-AMA-srm-srmNT-Saramaccan', 8, 5, 1, 'srm', now(), now(), null, true, true),
  ( 'wapNT Wapishana', 1, 'scriptureappbuilder-AMA-wap-wapNT-Wapishana', 8, 5, 1, 'wap', now(), now(), null, true, true),
  ( 'qxoNT Quechua South Conchucos', 1, 'scriptureappbuilder-AMA-qxo-qxoNT-Quechua-South-Conchucos', 8, 5, 1, 'qxo', now(), now(), null, true, true),
  ( 'qvsPB Quechua San Martin', 1, 'scriptureappbuilder-AMA-qvs-qvsPB-Quechua-San-Martin', 8, 5, 1, 'qvs', now(), now(), null, true, true),
  ( 'qvnNT Quechua North Junin', 1, 'scriptureappbuilder-AMA-qvn-qvnNT-Quechua-North-Junin', 8, 5, 1, 'qvn', now(), now(), null, true, true),
  ( 'qvmNT Quechua Margos', 1, 'scriptureappbuilder-AMA-qvm-qvmNT-Quechua-Margos', 8, 5, 1, 'qvm', now(), now(), null, true, true),
  ( 'qvhNT Quechua Huamalies', 1, 'scriptureappbuilder-AMA-qvh-qvhNT-Quechua-Huamalies', 8, 5, 1, 'qvh', now(), now(), null, true, true),
  ( 'qveNT Quechua Apurimac', 1, 'scriptureappbuilder-AMA-qve-qveNT-Quechua-Apurimac', 8, 5, 1, 'qve', now(), now(), null, true, true),
  ( 'qvcNT Quechua Cajamarca', 1, 'scriptureappbuilder-AMA-qvc-qvcNT-Quechua-Cajamarca', 8, 5, 1, 'qvc', now(), now(), null, true, true),
  ( 'quyB Quechua Ayacucho 1987', 1, 'scriptureappbuilder-AMA-quy-quyB-Quechua-Ayacucho-1987', 8, 5, 1, 'quy', now(), now(), null, true, true),
  ( 'qupNT Quechua South Pastaza', 1, 'scriptureappbuilder-AMA-qup-qupNT-Quechua-South-Pastaza', 8, 5, 1, 'qup', now(), now(), null, true, true),
  ( 'qufNT Quechua Lambayeque', 1, 'scriptureappbuilder-AMA-quf-qufNT-Quechua-Lambayeque', 8, 5, 1, 'quf', now(), now(), null, true, true),
  ( 'qubB Quechua Huallaga Bible', 1, 'scriptureappbuilder-AMA-qub-qubB-Quechua-Huallaga-Bible', 8, 5, 1, 'qub', now(), now(), null, true, true),
  ( 'cntNT Chinanteco Tepetotutla', 1, 'scriptureappbuilder-MXB-cnt-cntNT-Chinanteco-Tepetotutla', 9, 3, 1, 'cnt', now(), now(), null, true, true),
  ( 'Fulfulde Maasina New Testament', 1, 'scriptureappbuilder-SIL-ffm-Fulfulde-Maasina-New-Testament', 1, 1, 1, 'ffm', now(), now(), null, true, true),
  ( 'tcaBNT Ticuna Brazil', 1, 'scriptureappbuilder-AMA-tca-tcaBNT-Ticuna-Brazil', 8, 5, 1, 'tca', now(), now(), null, true, true),
  ( 'kyzNT Kayabi', 1, 'scriptureappbuilder-AMA-kyz-kyzNT-Kayabi', 8, 5, 1, 'kyz', now(), now(), null, true, true),
  ( 'xavNT Xavante', 1, 'scriptureappbuilder-AMA-xav-xavNT-Xavante', 8, 5, 1, 'xav', now(), now(), null, true, true),
  ( 'urbNT Kaapor', 1, 'scriptureappbuilder-AMA-urb-urbNT-Urubu-Kaapor', 8, 5, 1, 'urb', now(), now(), null, true, true),
  ( 'txuNT Kayapo', 1, 'scriptureappbuilder-AMA-txu-txuNT-Kayapo', 8, 5, 1, 'txu', now(), now(), null, true, true),
  ( 'tuoBNT Tukano Brazil', 1, 'scriptureappbuilder-AMA-tuo-tuoBNT-Tukano-Brazil', 8, 5, 1, 'tuo', now(), now(), null, true, true),
  ( 'terNT Terena', 1, 'scriptureappbuilder-AMA-ter-terNT-Terena', 8, 5, 1, 'ter', now(), now(), null, true, true),
  ( 'rkbNT Rikbaktsa', 1, 'scriptureappbuilder-AMA-rkb-rkbNT-Rikbaktsa', 8, 5, 1, 'rkb', now(), now(), null, true, true),
  ( 'ramPNT Canela', 1, 'scriptureappbuilder-AMA-ram-ramPNT-Canela', 8, 5, 1, 'ram', now(), now(), null, true, true),
  ( 'pluNT Palikur', 1, 'scriptureappbuilder-AMA-plu-pluNT-Palikur', 8, 5, 1, 'plu', now(), now(), null, true, true),
  ( 'prqPB Asheninka Perene', 1, 'scriptureappbuilder-AMA-prq-prqPB-Asheninka-Perene', 8, 5, 1, 'prq', now(), now(), null, true, true),
  ( 'xtnNT Mixteco norte Tlaxiaco', 1, 'scriptureappbuilder-AMA-xtn-xtnNT-Mixteco-norte-Tlaxiaco', 9, 3, 1, 'xtn', now(), now(), null, true, true),
  ( 'mxpNT Mixe Tluahutoltepec', 1, 'scriptureappbuilder-MXB-mxp-mxpNT-Mixe-Tluahutoltepec', 9, 3, 1, 'mxp', now(), now(), null, true, true),
  ( 'husNT Huasteco SL Potosi', 1, 'scriptureappbuilder-MXB-hus-husNT-Huasteco-SL-Potosi', 9, 3, 1, 'hus', now(), now(), null, true, true),
  ( 'cutNT Cuicateco Teutila', 1, 'scriptureappbuilder-MXB-cut-cutNT-Cuicateco-Teutila', 9, 3, 1, 'cut', now(), now(), null, true, true),
  ( 'yaqNT Yaqui', 1, 'scriptureappbuilder-MXB-yaq-yaqNT-Yaqui', 9, 3, 1, 'yaq', now(), now(), null, true, true),
  ( 'crnNT Cora Presidio Reyes', 1, 'scriptureappbuilder-MXB-crn-crnNT-Cora-Presidio-Reyes', 9, 3, 1, 'crn', now(), now(), null, true, true),
  ( 'ctuNT chol de Tumbala', 1, 'scriptureappbuilder-MXB-ctu-ctuNT-chol-de-Tumbala', 9, 3, 1, 'ctu', now(), now(), null, true, true),
  ( 'ctiNT Chol Tila', 1, 'scriptureappbuilder-MXB-cti-ctiNT-Chol-Tila', 9, 3, 1, 'cti', now(), now(), null, true, true),
  ( 'maaNT Mazateco Eloxochitlan', 1, 'scriptureappbuilder-AMA-maa-maaNT-Mazateco-Eloxochitlan', 9, 3, 1, 'maa', now(), now(), null, true, true),
  ( 'chqNT Chinanteco Quiotepec', 1, 'scriptureappbuilder-MXB-chq-chqNT-Chinanteco-Quiotepec', 9, 3, 1, 'chq', now(), now(), null, true, true),
  ( 'ctaNT Chatino Tataltepec', 1, 'scriptureappbuilder-AMA-cta-ctaNT-Chatino-Tataltepec', 9, 3, 1, 'cta', now(), now(), null, true, true),
  ( 'azgNT Amuzgo Oaxaca', 1, 'scriptureappbuilder-AMA-azg-azgNT-Amuzgo-Oaxaca', 9, 3, 1, 'azg', now(), now(), null, true, true),
  ( 'ntpNT Tepehuan del norte', 1, 'scriptureappbuilder-AMA-ntp-ntpNT-Tepehuan-del-norte', 9, 3, 1, 'ntp', now(), now(), null, true, true),
  ( 'ncjNT Nahuatl norte de Puebla', 1, 'scriptureappbuilder-AMA-ncj-ncjNT-Nahuatl-norte-de-Puebla', 9, 3, 1, 'ncj', now(), now(), null, true, true),
  ( 'pbsJHN Pame centro', 1, 'scriptureappbuilder-AMA-pbs-pbsJHN-Pame-centro', 9, 3, 1, 'pbs', now(), now(), null, true, true),
  ( 'pbcNT Patamuna (SBS)', 1, 'scriptureappbuilder-AMA-pbc-pbcNT-Patamuna-SBS', 8, 5, 1, 'pbc', now(), now(), null, true, true),
  ( 'paoNT Paiute', 1, 'scriptureappbuilder-AMA-pao-paoNT-Paiute', 8, 5, 1, 'pao', now(), now(), null, true, true),
  ( 'pahNT Tenharim', 1, 'scriptureappbuilder-AMA-pah-pahNT-Tenharim', 8, 5, 1, 'pah', now(), now(), null, true, true),
  ( 'padPB Paumari', 1, 'scriptureappbuilder-AMA-pad-padNT-Paumari', 8, 5, 1, 'pad', now(), now(), null, true, true),
  ( 'pabNT Parecis', 1, 'scriptureappbuilder-AMA-pab-pabNT-Parecis', 8, 5, 1, 'pab', now(), now(), null, true, true),
  ( 'oymB Wayampi', 1, 'scriptureappbuilder-AMA-oym-oymB-Wayampi', 8, 5, 1, 'oym', now(), now(), null, true, true),
  ( 'otqNT Otomi Queretaro', 1, 'scriptureappbuilder-AMA-otq-otqNT-Otomi-Queretaro', 9, 3, 1, 'otq', now(), now(), null, true, true),
  ( 'oteNT Otomi Mezquital', 1, 'scriptureappbuilder-AMA-ote-oteNT-Otomi-Mezquital', 9, 3, 1, 'ote', now(), now(), null, true, true),
  ( 'ztyNT Zapoteco Yatee', 1, 'scriptureappbuilder-AMA-zty-ztyNT-Zapoteco-Yatee', 9, 3, 1, 'zty', now(), now(), null, true, true),
  ( 'yadNT Yagua', 1, 'scriptureappbuilder-AMA-yad-yadNT-Yagua', 8, 5, 1, 'yad', now(), now(), null, true, true),
  ( 'yaaNT Yaminahua', 1, 'scriptureappbuilder-AMA-yaa-yaaNT-Yaminahua', 8, 5, 1, 'yaa', now(), now(), null, true, true),
  ( 'uraNT Urarina', 1, 'scriptureappbuilder-AMA-ura-uraNT-Urarina', 8, 5, 1, 'ura', now(), now(), null, true, true),
  ( 'shpPB Shipibo', 1, 'scriptureappbuilder-AMA-shp-shpPB-Shipibo', 8, 5, 1, 'shp', now(), now(), null, true, true),
  ( 'qxnNT Quechua North Conchucos', 1, 'scriptureappbuilder-AMA-qxn-qxnNT-Quechua-North-Conchucos', 8, 5, 1, 'qxn', now(), now(), null, true, true),
  ( 'qxhNT Quechua Panao', 1, 'scriptureappbuilder-AMA-qxh-qxhNT-Quechua-Panao', 8, 5, 1, 'qxh', now(), now(), null, true, true),
  ( 'qwhNT Quechua Huaylas', 1, 'scriptureappbuilder-AMA-qwh-qwhNT-Quechua-Huaylas', 8, 5, 1, 'qwh', now(), now(), null, true, true),
  ( 'qvwNT Quechua Wanca', 1, 'scriptureappbuilder-AMA-qvw-qvwNT-Quechua-Wanca', 8, 5, 1, 'qvw', now(), now(), null, true, true),
  ( 'oodNT Tohono Oodham', 1, 'scriptureappbuilder-AMA-ood-oodNT-Tohono-Oodham', 9, 3, 1, 'ood', now(), now(), null, true, true),
  ( 'nplNT Nahuatl Tehuacan', 1, 'scriptureappbuilder-AMA-npl-nplNT-Nahuatl-Tehuacan', 9, 3, 1, 'npl', now(), now(), null, true, true),
  ( 'notNT Nomatsiguenga', 1, 'scriptureappbuilder-AMA-not-notNT-Nomatsiguenga', 8, 5, 1, 'not', now(), now(), null, true, true),
  ( 'nhyNT Nahuatl norte Oaxaca', 1, 'scriptureappbuilder-AMA-nhy-nhyNT-Nahuatl-norte-Oaxaca', 9, 3, 1, 'nhy', now(), now(), null, true, true),
  ( 'nhwNT Nahuatl Huasteca occidental Biblia', 1, 'scriptureappbuilder-AMA-nhw-nhwNT-Nahuatl-Huasteca-occidental-Biblia', 9, 3, 1, 'nhw', now(), now(), null, true, true),
  ( 'nhiNT Nahuatl Zacatlan', 1, 'scriptureappbuilder-AMA-nhi-nhiNT-Nahuatl-Zacatlan', 9, 3, 1, 'nhi', now(), now(), null, true, true),
  ( 'nheNT Nahuatl de la Huasteca oriental', 1, 'scriptureappbuilder-AMA-nhe-nheNT-Nahuatl-de-la-Huasteca-oriental', 9, 3, 1, 'nhe', now(), now(), null, true, true),
  ( 'nguNT Nahuatl Guerrero', 1, 'scriptureappbuilder-AMA-ngu-nguNT-Nahuatl-Guerrero', 9, 3, 1, 'ngu', now(), now(), null, true, true),
  ( 'nclNT Nahuatl Michoacan', 1, 'scriptureappbuilder-AMA-ncl-nclNT-Nahuatl-Michoacan', 9, 3, 1, 'ncl', now(), now(), null, true, true),
  ( 'nchNT Nahuatl Huasteca central', 1, 'scriptureappbuilder-AMA-nch-nchNT-Nahuatl-Huasteca-central', 9, 3, 1, 'nch', now(), now(), null, true, true),
  ( 'nabNT Nambikuara', 1, 'scriptureappbuilder-AMA-nab-nabNT-Nambikuara', 8, 5, 1, 'nab', now(), now(), null, true, true),
  ( 'mzaNT Mixteco Zacatepec', 1, 'scriptureappbuilder-AMA-mza-mzaNT-Mixteco-Zacatepec', 9, 3, 1, 'mza', now(), now(), null, true, true),
  ( 'myuNT Munduruku', 1, 'scriptureappbuilder-AMA-myu-myuNT-Munduruku', 8, 5, 1, 'myu', now(), now(), null, true, true),
  ( 'mxvNT Mixteco Metlatónoc', 1, 'scriptureappbuilder-AMA-mxv-mxvNT-Mixteco-Metlatnoc', 9, 3, 1, 'mxv', now(), now(), null, true, true),
  ( 'mxtNT Mixteco Jamiltepec', 1, 'scriptureappbuilder-AMA-mxt-mxtNT-Mixteco-Jamiltepec', 9, 3, 1, 'mxt', now(), now(), null, true, true),
  ( 'mxqNT Mixe Juquila', 1, 'scriptureappbuilder-AMA-mxq-mxqNT-Mixe-Juquila', 9, 3, 1, 'mxq', now(), now(), null, true, true),
  ( 'mxbNT Mixteco Tezoatlan', 1, 'scriptureappbuilder-AMA-mxb-mxbNT-Mixteco-Tezoatlan', 9, 3, 1, 'mxb', now(), now(), null, true, true),
  ( 'mtoNT Mixe Totontepec', 1, 'scriptureappbuilder-AMA-mto-mtoNT-Mixe-Totontepec', 9, 3, 1, 'mto', now(), now(), null, true, true),
  ( 'mpmNT Mixteco Yosundua', 1, 'scriptureappbuilder-AMA-mpm-mpmNT-Mixteco-Yosundua', 9, 3, 1, 'mpm', now(), now(), null, true, true),
  ( 'mksNT Mixteco Silacayoapan', 1, 'scriptureappbuilder-AMA-mks-mksNT-Mixteco-Silacayoapan', 9, 3, 1, 'mks', now(), now(), null, true, true),
  ( 'mizNT Mixteco Coatzospan', 1, 'scriptureappbuilder-AMA-miz-mizNT-Mixteco-Coatzospan', 9, 3, 1, 'miz', now(), now(), null, true, true),
  ( 'mitNT Mixteco sur Puebla', 1, 'scriptureappbuilder-AMA-mit-mitNT-Mixteco-sur-Puebla', 9, 3, 1, 'mit', now(), now(), null, true, true),
  ( 'mirNT Mixe Istmo', 1, 'scriptureappbuilder-AMA-mir-mirNT-Mixe-Istmo', 9, 3, 1, 'mir', now(), now(), null, true, true),
  ( 'mioNT Mixteco Pinotepa Nacional', 1, 'scriptureappbuilder-AMA-mio-mioNT-Mixteco-Pinotepa-Nacional', 9, 3, 1, 'mio', now(), now(), null, true, true),
  ( 'mimNT Mixteco Alacatlatzala', 1, 'scriptureappbuilder-AMA-mim-mimNT-Mixteco-Alacatlatzala', 9, 3, 1, 'mim', now(), now(), null, true, true),
  ( 'milNT Mixteco Penoles', 1, 'scriptureappbuilder-AMA-mil-milNT-Mixteco-Penoles', 9, 3, 1, 'mil', now(), now(), null, true, true),
  ( 'mihNT Mixteco Chayuco', 1, 'scriptureappbuilder-AMA-mih-mihNT-Mixteco-Chayuco', 9, 3, 1, 'mih', now(), now(), null, true, true),
  ( 'migNT Mixteco San Miguel el Grande', 1, 'scriptureappbuilder-AMA-mig-migNT-Mixteco-San-Miguel-el-Grande', 9, 3, 1, 'mig', now(), now(), null, true, true),
  ( 'mieNT Mixteco Ocotepec', 1, 'scriptureappbuilder-AMA-mie-mieNT-Mixteco-Ocotepec', 9, 3, 1, 'mie', now(), now(), null, true, true),
  ( 'mfyNT Mayo', 1, 'scriptureappbuilder-AMA-mfy-mfyNT-Mayo', 9, 3, 1, 'mfy', now(), now(), null, true, true),
  ( 'mehNT Mixteco suroeste Tlaxiaco', 1, 'scriptureappbuilder-AMA-meh-mehNT-Mixteco-suroeste-Tlaxiaco', 9, 3, 1, 'meh', now(), now(), null, true, true),
  ( 'mdvNT Mixteco Monteverde', 1, 'scriptureappbuilder-AMA-mdv-mdvNT-Mixteco-Monteverde', 9, 3, 1, 'mdv', now(), now(), null, true, true),
  ( 'mcoNT Mixe Coatlan', 1, 'scriptureappbuilder-AMA-mco-mcoNT-Mixe-Coatlan', 9, 3, 1, 'mco', now(), now(), null, true, true),
  ( 'mcfNT Mayoruna', 1, 'scriptureappbuilder-AMA-mcf-mcfNT-Mayoruna', 8, 5, 1, 'mcf', now(), now(), null, true, true),
  ( 'mcdPB Sharanahua', 1, 'scriptureappbuilder-AMA-mcd-mcdPB-Sharanahua', 8, 5, 1, 'mcd', now(), now(), null, true, true),
  ( 'mcbPB Matsigenka', 1, 'scriptureappbuilder-AMA-mcb-mcbPB-Matsigenka', 8, 5, 1, 'mcb', now(), now(), null, true, true),
  ( 'mbzMRK Mixteco Amoltepec', 1, 'scriptureappbuilder-AMA-mbz-mbzMRK-Mixteco-Amoltepec', 9, 3, 1, 'mbz', now(), now(), null, true, true),
  ( 'mblNT Maxakali', 1, 'scriptureappbuilder-AMA-mbl-mblNT-Maxakali', 8, 5, 1, 'mbl', now(), now(), null, true, true),
  ( 'mbjNT Nadeb', 1, 'scriptureappbuilder-AMA-mbj-mbjNT-Nadeb', 8, 5, 1, 'mbj', now(), now(), null, true, true),
  ( 'mbcNT Macushi', 1, 'scriptureappbuilder-AMA-mbc-mbcNT-Macushi', 8, 5, 1, 'mbc', now(), now(), null, true, true),
  ( 'mazNT Mazahua', 1, 'scriptureappbuilder-AMA-maz-mazNT-Mazahua', 9, 3, 1, 'maz', now(), now(), null, true, true),
  ( 'mauNT Mazateco Huautla', 1, 'scriptureappbuilder-AMA-mau-mauNT-Mazateco-Huautla', 9, 3, 1, 'mau', now(), now(), null, true, true),
  ( 'mavNT Satere-Mawe', 1, 'scriptureappbuilder-AMA-mav-mavNT-Satere-Mawe', 8, 5, 1, 'mav', now(), now(), null, true, true),
  ( 'maqNT Mazateco Chiquihuitlan', 1, 'scriptureappbuilder-AMA-maq-maqNT-Mazateco-Chiquihuitlan', 9, 3, 1, 'maq', now(), now(), null, true, true),
  ( 'maaNT Mazateco San Jeronimo', 1, 'scriptureappbuilder-AMA-maa-maaNT-Mazateco-San-Jeronimo', 9, 3, 1, 'maa', now(), now(), null, true, true),
  ( 'lacNT Lacandon', 1, 'scriptureappbuilder-AMA-lac-lacNT-Lacandon', 9, 3, 1, 'lac', now(), now(), null, true, true),
  ( 'kvnNT Kuna Border', 1, 'scriptureappbuilder-AMA-kvn-kvnNT-Kuna-Border', 8, 5, 1, 'kvn', now(), now(), null, true, true),
  ( 'kpjNT Karaja', 1, 'scriptureappbuilder-AMA-kpj-kpjNT-Karaja', 8, 5, 1, 'kpj', now(), now(), null, true, true),
  ( 'knjB Akateko', 1, 'scriptureappbuilder-AMA-knj-knjNT-Akateko', 8, 5, 1, 'knj', now(), now(), null, true, true),
  ( 'kgpNT Kaingang', 1, 'scriptureappbuilder-AMA-kgp-kgpNT-Kaingang', 8, 5, 1, 'kgp', now(), now(), null, true, true),
  ( 'kgkNT Kaiwa', 1, 'scriptureappbuilder-AMA-kgk-kgkNT-Kaiwa', 8, 5, 1, 'kgk', now(), now(), null, true, true),
  ( 'kekB Kekchi (trad)', 1, 'scriptureappbuilder-AMA-kek-kekB-Kekchi', 8, 5, 1, 'kek', now(), now(), null, true, true),
  ( 'kbcNT Kadiweu', 1, 'scriptureappbuilder-AMA-kbc-kbcNT-Kadiweu', 8, 5, 1, 'kbc', now(), now(), null, true, true),
  ( 'kaqNT Capanahua', 1, 'scriptureappbuilder-AMA-kaq-kaqNT-Capanahua', 8, 5, 1, 'kaq', now(), now(), null, true, true),
  ( 'jvnNT Surinaams Javaans', 1, 'scriptureappbuilder-AMA-jvn-jvnNT-Surinaams-Javaans', 8, 5, 1, 'jvn', now(), now(), null, true, true),
  ( 'icrPNT Islander Creole', 1, 'scriptureappbuilder-AMA-icr-icrPNT-Islander-Creole', 8, 5, 1, 'icr', now(), now(), null, true, true),
  ( 'huvNT Huave', 1, 'scriptureappbuilder-AMA-huv-huvNT-Huave', 9, 3, 1, 'huv', now(), now(), null, true, true),
  ( 'huuNT Huitoto Murui', 1, 'scriptureappbuilder-AMA-huu-huuNT-Huitoto-Murui', 8, 5, 1, 'huu', now(), now(), null, true, true),
  ( 'husNT Huasteco Veracruz', 1, 'scriptureappbuilder-AMA-hus-husNT-Huasteco-Veracruz', 9, 3, 1, 'hus', now(), now(), null, true, true),
  ( 'hubPB Huambisa', 1, 'scriptureappbuilder-AMA-hub-hubPB-Huambisa', 8, 5, 1, 'hub', now(), now(), null, true, true),
  ( 'hnsNT Sarnami Hindustani', 1, 'scriptureappbuilder-AMA-hns-hnsNT-Sarnami-Hindustani', 8, 5, 1, 'hns', now(), now(), null, true, true),
  ( 'hixNT Hixkaryána', 1, 'scriptureappbuilder-AMA-hix-hixNT-Hixkaryna', 8, 5, 1, 'hix', now(), now(), null, true, true),
  ( 'eskNT Inupiatun', 1, 'scriptureappbuilder-AMA-esk-eskNT-Inupiatun', 8, 5, 1, 'esk', now(), now(), null, true, true),
  ( 'gwiNT Gwich''in', 1, 'scriptureappbuilder-AMA-gwi-gwiNT-Gwichin', 8, 5, 1, 'gwi', now(), now(), null, true, true),
  ( 'gulNT Gullah', 1, 'scriptureappbuilder-AMA-gul-gulNT-Gullah', 8, 5, 1, 'gul', now(), now(), null, true, true),
  ( 'gubNT Guajajara', 1, 'scriptureappbuilder-AMA-gub-gubNT-Guajajara', 8, 5, 1, 'gub', now(), now(), null, true, true),
  ( 'djkNT Aukaans', 1, 'scriptureappbuilder-AMA-djk-djkNT-Aukaans', 8, 5, 1, 'djk', now(), now(), null, true, true),
  ( 'cuxNT Cuicateco Tepeuxila', 1, 'scriptureappbuilder-AMA-cux-cuxNT-Cuicateco-Tepeuxila', 9, 3, 1, 'cux', now(), now(), null, true, true),
  ( 'culNT Culina', 1, 'scriptureappbuilder-AMA-cul-culNT-Culina', 8, 5, 1, 'cul', now(), now(), null, true, true),
  ( 'cukB Kuna San Blas', 1, 'scriptureappbuilder-AMA-cuk-cukB-Kuna-San-Blas', 8, 5, 1, 'cuk', now(), now(), null, true, true),
  ( 'cucNT Chinanteco Usila', 1, 'scriptureappbuilder-AMA-cuc-cucNT-Chinanteco-Usila', 9, 3, 1, 'cuc', now(), now(), null, true, true),
  ( 'ctpNT Biblia Chatino zona', 1, 'scriptureappbuilder-AMA-ctp-ctpNT-Biblia-Chatino-zona', 9, 3, 1, 'ctp', now(), now(), null, true, true),
  ( 'csoNT Chinanteco Sochiapam', 1, 'scriptureappbuilder-AMA-cso-csoNT-Chinanteco-Sochiapam', 9, 3, 1, 'cso', now(), now(), null, true, true),
  ( 'crnNT Cora El Nayar', 1, 'scriptureappbuilder-AMA-crn-crnNT-Cora-El-Nayar', 9, 3, 1, 'crn', now(), now(), null, true, true),
  ( 'cpyB Asheninka Ucayali del Sur', 1, 'scriptureappbuilder-AMA-cpy-cpyB-Asheninka-Ucayali-del-Sur', 8, 5, 1, 'cpy', now(), now(), null, true, true),
  ( 'cpuNT Ashéninka Pichis', 1, 'scriptureappbuilder-AMA-cpu-cpuNT-Ashninka-Pichis', 8, 5, 1, 'cpu', now(), now(), null, true, true),
  ( 'cpcNT Ajyininka Apurucayali', 1, 'scriptureappbuilder-AMA-cpc-cpcNT-Ajyininka-Apurucayali', 8, 5, 1, 'cpc', now(), now(), null, true, true),
  ( 'cpbPB Asheninka Ucayali', 1, 'scriptureappbuilder-AMA-cpb-cpbPB-Asheninka-Ucayali', 8, 5, 1, 'cpb', now(), now(), null, true, true),
  ( 'cpaNT Chinanteco Palantla', 1, 'scriptureappbuilder-AMA-cpa-cpaNT-Chinanteco-Palantla', 9, 3, 1, 'cpa', now(), now(), null, true, true),
  ( 'cotNT Caquinte', 1, 'scriptureappbuilder-AMA-cot-cotNT-Caquinte', 8, 5, 1, 'cot', now(), now(), null, true, true),
  ( 'cnlNT Chinanteco Lalana', 1, 'scriptureappbuilder-AMA-cnl-cnlNT-Chinanteco-Lalana', 9, 3, 1, 'cnl', now(), now(), null, true, true),
  ( 'cniPB Ashaninka', 1, 'scriptureappbuilder-AMA-cni-cniPB-Ashaninka', 8, 5, 1, 'cni', now(), now(), null, true, true),
  ( 'cleNT Chinanteco Lealao', 1, 'scriptureappbuilder-AMA-cle-cleNT-Chinanteco-Lealao', 9, 3, 1, 'cle', now(), now(), null, true, true),
  ( 'cjoNT Asheninka Pajonal', 1, 'scriptureappbuilder-AMA-cjo-cjoNT-Asheninka-Pajonal', 8, 5, 1, 'cjo', now(), now(), null, true, true),
  ( 'chzNT Chinanteco Ozumacin', 1, 'scriptureappbuilder-AMA-chz-chzNT-Chinanteco-Ozumacin', 9, 3, 1, 'chz', now(), now(), null, true, true),
  ( 'chfNT Chontal Tabasco', 1, 'scriptureappbuilder-AMA-chf-chfNT-Chontal-Tabasco', 9, 3, 1, 'chf', now(), now(), null, true, true),
  ( 'chdNT Chontal sierra Oaxaca', 1, 'scriptureappbuilder-AMA-chd-chdNT-Chontal-sierra-Oaxaca', 9, 3, 1, 'chd', now(), now(), null, true, true),
  ( 'ccoNT Chinanteco Comaltepec', 1, 'scriptureappbuilder-AMA-cco-ccoNT-Chinanteco-Comaltepec', 9, 3, 1, 'cco', now(), now(), null, true, true),
  ( 'cbuPB Kandozi (Candoshi)', 1, 'scriptureappbuilder-AMA-cbu-cbuPB-Kandozi-Candoshi', 8, 5, 1, 'cbu', now(), now(), null, true, true),
  ( 'cbtPB Shahui (Chayahuita)', 1, 'scriptureappbuilder-AMA-cbt-cbtPB-Shahui-Chayahuita', 8, 5, 1, 'cbt', now(), now(), null, true, true),
  ( 'acuPB Achuar', 1, 'scriptureappbuilder-AMA-acu-acuPB-Achuar', 8, 5, 1, 'acu', now(), now(), null, true, true),
  ( 'cbsPB Kaxinawa (Brazil)', 1, 'scriptureappbuilder-AMA-cbs-cbsPB-Kaxinawa-Brazil', 8, 5, 1, 'cbs', now(), now(), null, true, true),
  ( 'cbsPB Juni Kuin (Peru)', 1, 'scriptureappbuilder-AMA-cbs-cbsPB-Kashinawa-Peru', 8, 5, 1, 'cbs', now(), now(), null, true, true),
  ( 'cbrNT Kashibo', 1, 'scriptureappbuilder-AMA-cbr-cbrNT-Kashibo', 8, 5, 1, 'cbr', now(), now(), null, true, true),
  ( 'carNT Carib', 1, 'scriptureappbuilder-AMA-car-carNT-Carib', 8, 5, 1, 'car', now(), now(), null, true, true),
  ( 'cakXNT Kaqchikel Xenacoj', 1, 'scriptureappbuilder-AMA-cak-cakXNT-Kaqchikel-Xenacoj', 8, 5, 1, 'cak', now(), now(), null, true, true),
  ( 'cabNT Garifuna (Caribe)', 1, 'scriptureappbuilder-AMA-cab-cabNT-Garifuna-Caribe', 8, 5, 1, 'cab', now(), now(), null, true, true),
  ( 'bzjNT Belize Kriol', 1, 'scriptureappbuilder-AMA-bzj-bzjNT-Belize-Kriol', 8, 5, 1, 'bzj', now(), now(), null, true, true),
  ( 'arlPB Arabela', 1, 'scriptureappbuilder-AMA-arl-arlPB-Arabela', 8, 5, 1, 'arl', now(), now(), null, true, true),
  ( 'apyB Apalai', 1, 'scriptureappbuilder-AMA-apy-apyNT-Apalai', 8, 5, 1, 'apy', now(), now(), null, true, true),
  ( 'apuNT Apurina', 1, 'scriptureappbuilder-AMA-apu-apuNT-Apurina', 8, 5, 1, 'apu', now(), now(), null, true, true),
  ( 'apnNT Apinaye', 1, 'scriptureappbuilder-AMA-apn-apnNT-Apinaye', 8, 5, 1, 'apn', now(), now(), null, true, true),
  ( 'amrNT Amarakaeri', 1, 'scriptureappbuilder-AMA-amr-amrNT-Amarakaeri', 8, 5, 1, 'amr', now(), now(), null, true, true),
  ( 'ameNT Yanesha', 1, 'scriptureappbuilder-AMA-ame-ameNT-Yanesha', 8, 5, 1, 'ame', now(), now(), null, true, true),
  ( 'akeNT Akawaio', 1, 'scriptureappbuilder-AMA-ake-akeNT-Akawaio', 8, 5, 1, 'ake', now(), now(), null, true, true),
  ( 'agrPB Awajun', 1, 'scriptureappbuilder-AMA-agr-agrPB-Awajun', 8, 5, 1, 'agr', now(), now(), null, true, true),
  ( 'acrTNT Achi Rabinal (trad orth)', 1, 'scriptureappbuilder-AMA-acr-acrTNT-Achi-Rabinal-trad-orth', 8, 5, 1, 'acr', now(), now(), null, true, true),
  ( 'acrNNT Achi Rabinal (new orth)', 1, 'scriptureappbuilder-AMA-acr-acrNNT-Achi-Rabinal-new-orth', 8, 5, 1, 'acr', now(), now(), null, true, true),
  ( 'acrCNT Achi Cubulco', 1, 'scriptureappbuilder-AMA-acr-acrCNT-Achi-Cubulco', 8, 5, 1, 'acr', now(), now(), null, true, true),
  ( 'acaPNT Achagua', 1, 'scriptureappbuilder-AMA-aca-acaPNT-Achagua', 8, 5, 1, 'aca', now(), now(), null, true, true),
  ( 'Kalaam Media 1', 1, 'The Sogdian Bible was translated by Mike Davis and his team that has been working in Central Asia since 1986.', 2, 2 , 3, 'English', now(), now(), null, true, true);

